icao24,runway_fap,ts_fap,ts_thr,distance_fap_to_thr,delta_time_fap_to_thr,speed_fap,vertical_speed_fap,heading_fap,weekday
0100df,32R,1737370685983,1737370891043,16847.54252316036,206.34153978779048,90.53550309242904,0.0,323.5644675167282,0
010246,32R,1737376742682,1737376939559,16847.54252316036,196.72560799893887,107.473764817825,-15.328019619865113,322.875380079704,0
01024c,32R,1737369584207,1737369789253,16847.54252316036,205.39089439054422,115.24554921824307,0.0,318.9449982911646,0
020095,32L,1737391773687,1737391889992,10583.773565404412,123.61240684903281,105.74766587172695,0.0,321.7537839406941,0
020112,32L,1737369785783,1737369902036,10583.773565404412,124.9583119244929,104.4241188127354,-16.33986928104575,321.03982714612573,0
040087,32R,1737355356903,1737355556268,16847.54252316036,199.58099579996355,103.81473835101052,0.0,325.7344671964624,0
06a2b3,32R,1737377209111,1737377404154,16847.54252316036,195.72822643187305,93.05450668707412,-16.244314489928527,321.8839473635901,0
06a2ec,32R,1737398388838,1737398581455,16847.54252316036,195.08434332573893,96.28962143849556,-19.669551534225022,322.2078140297352,0
0d09e5,32L,1737366939426,1737367057545,10583.773565404412,120.93864150761011,99.53971303580202,0.0,325.36527161741986,0
0d0a9a,32L,1737383933276,1737384054385,10583.773565404412,123.9870215241307,91.84222280152252,-45.45454545454545,325.58135838319566,0
34134d,32L,1737355709905,1737355841267,10583.773565404412,130.763072359697,99.31549528734627,-16.191709844559586,323.187662741051,0
34134d,32R,1737379850141,1737380048030,16847.54252316036,197.58210774715369,89.00968980292964,0.0,323.87294561685997,0
34134d,32R,1737404025823,1737404218920,16847.54252316036,193.2224628724643,102.40408091121195,-24.533856722276745,322.5324840713503,0
34134e,32R,1737366492615,1737366678731,16847.54252316036,185.70900132554812,110.61144698576138,-12.78772378516624,322.1801621847586,0
34134e,32R,1737395244887,1737395445439,16847.54252316036,199.15612239716228,111.03808949529079,-29.868578255675033,321.238036683766,0
341545,32R,1737399435126,1737399626172,16847.54252316036,191.09124737764617,73.97808146684326,0.0,325.73458320243145,0
3415ce,32R,1737360174228,1737360355555,16847.54252316036,181.205885998763,128.96416435689648,0.0,322.31103697175877,0
3415ce,32L,1737401742653,1737401872915,10583.773565404412,133.99467096091493,87.24387712498256,0.0,322.77592494457065,0
3415cf,32R,1737364645483,1737364839492,16847.54252316036,192.46419221760848,105.27105132644375,0.0,322.387871860612,0
3415cf,32R,1737392789206,1737392991313,16847.54252316036,200.7440944792561,95.29004733663257,0.0,320.9914999453148,0
341646,32R,1737365025099,1737365221679,16847.54252316036,198.50867552486886,95.33548257913257,0.0,324.34926061860017,0
341646,32R,1737393906896,1737394105441,16847.54252316036,198.2218101463439,123.34186706855554,-48.44961240310077,324.4224384115913,0
341682,32L,1737364627467,1737364767685,10583.773565404412,139.71478819694664,75.82073869592962,0.0,321.5471189269243,0
341682,32R,1737388902428,1737389078205,16847.54252316036,175.57359063363313,126.58063165288979,-24.43792766373412,316.0168868033391,0
341682,32R,1737409164731,1737409354549,16847.54252316036,189.38396220336207,102.45114857326891,0.0,322.44307810771033,0
342059,32R,1737372696948,1737372893785,16847.54252316036,198.29337373216603,91.26255085344222,0.0,322.6890022327584,0
342059,32R,1737396627516,1737396828742,16847.54252316036,195.2478272516768,119.46672200024442,-49.30966469428008,321.1806045828625,0
342090,32L,1737381386792,1737381516710,10583.773565404412,128.34546034904147,102.94046779447325,0.0,321.77666939897347,0
342091,32R,1737360281257,1737360487540,16847.54252316036,205.94692131249286,104.85078420307545,0.0,321.8653457249214,0
342091,32L,1737379673888,1737379809141,10583.773565404412,138.6752022220263,89.71133201144637,0.0,322.12937049453524,0
342091,32R,1737407519403,1737407720121,16847.54252316036,200.93550146796034,95.0991795939183,-40.71661237785016,321.67972332752487,0
3420ca,32R,1737379749131,1737379948786,16847.54252316036,197.71999839992037,99.11733381702899,0.0,321.39633963900445,0
3420ca,32R,1737401733966,1737401932006,16847.54252316036,196.96706828270007,89.27130579855157,-44.014084507042256,323.0989136841547,0
3420cb,32R,1737360664403,1737360859809,16847.54252316036,193.72206400404147,107.55932764187145,-52.52100840336135,322.6889586762995,0
3420cb,32R,1737376215150,1737376418306,16847.54252316036,201.38224346776957,104.7689571852922,0.0,318.94482494422004,0
3420cb,32R,1737407778744,1737407984747,16847.54252316036,205.6861582918975,93.85191539873588,0.0,319.26904455557457,0
3420cc,32R,1737369165414,1737369367464,16847.54252316036,199.71645351504773,98.99323503288868,-16.233766233766232,317.26979715320704,0
3420cc,32R,1737386467401,1737386669629,16847.54252316036,201.78576758614489,100.3280266468891,0.0,321.67970440871494,0
3420cc,32R,1737408622232,1737408819094,16847.54252316036,196.7313505912944,102.90903330164383,-23.741690408357076,324.0649133366804,0
342104,32L,1737364322083,1737364447360,10583.773565404412,129.63727027385715,115.62060200395545,0.0,321.8511046579869,0
342104,32L,1737378388570,1737378521711,10583.773565404412,137.12240358036777,88.66364871013617,-61.12469437652812,318.1287731172592,0
342104,32L,1737394175468,1737394303388,10583.773565404412,132.36311102777825,118.19432903527675,-26.968716289104638,322.163976093955,0
342104,32R,1737409367962,1737409563137,16847.54252316036,195.09601922020659,104.40174818565009,-24.509803921568626,324.3492237809578,0
342105,32R,1737354626191,1737354827629,16847.54252316036,201.67656918806708,116.9953240034488,-60.09615384615385,312.7585419712524,0
342105,32L,1737381474894,1737381607990,10583.773565404412,136.74939979412488,72.83210217862737,0.0,320.9583046272511,0
342105,32L,1737401244831,1737401372799,10583.773565404412,126.7173575593931,105.25204781313568,0.0,317.57068039804676,0
342107,32R,1737358759096,1737358956274,16847.54252316036,196.69657425611382,66.99452762710169,0.0,320.7330419471509,0
342107,32R,1737400902506,1737401101952,16847.54252316036,198.07226739009607,101.87035367201389,-20.128824476650564,320.95570124357107,0
342188,32L,1737367153797,1737367273758,10583.773565404412,123.21246020178783,94.11655412492236,0.0,321.7004169702554,0
342188,32R,1737383806357,1737384001052,16847.54252316036,194.63644707435762,104.90477290476011,0.0,321.6544729252449,0
342189,32R,1737334797784,1737334996194,16847.54252316036,198.06016691325894,96.38050564317354,0.0,321.1927927941896,0
342189,32R,1737370079054,1737370274031,16847.54252316036,194.36943617305164,104.99182312921671,-48.16955684007707,319.18276402023633,0
342189,32R,1737402339138,1737402540686,16847.54252316036,199.38706488342254,95.44542440626842,0.0,322.99170811813866,0
342210,32L,1737364068631,1737364202143,10583.773565404412,128.727009174321,100.51270755668803,0.0,322.54495257872213,0
342210,32R,1737388778345,1737388969919,16847.54252316036,192.33668143748488,115.03797752291479,-16.534391534391535,320.1578144161595,0
342211,32R,1737408331598,1737408526476,16847.54252316036,194.4052303942045,112.92336291299613,0.0,321.52158774822306,0
34224e,32R,1737340436988,1737340620528,16847.54252316036,188.33517046766508,72.3238207587047,0.0,320.8920352014905,0
34224e,32L,1737385984869,1737386115744,10583.773565404412,134.51385769318173,92.3524304952656,0.0,322.7018981377545,0
3423c3,32R,1737362880675,1737363069922,16847.54252316036,189.0356133811449,108.83491156256966,-49.40711462450593,326.29036270204705,0
3423c3,32R,1737380661377,1737380855394,16847.54252316036,193.20913547041903,73.78427731096629,0.0,323.87302095119566,0
3423c3,32R,1737407205973,1737407404974,16847.54252316036,198.60866473913472,98.72947353310681,0.0,323.0513783276991,0
3423c4,32L,1737380778955,1737380898152,10583.773565404412,125.0498955303653,106.33971260817746,-45.53734061930783,321.6926324098531,0
3423c4,32R,1737406720988,1737406912120,16847.54252316036,191.2456373622878,91.94613878097363,-49.30966469428008,319.03248114334065,0
34250a,32R,1737364379234,1737364580100,16847.54252316036,200.60078258710269,99.2202644426557,-41.52823920265781,321.25686573626933,0
34250a,32L,1737381210282,1737381342615,10583.773565404412,131.36399872818203,85.29765960142424,0.0,323.0560800928509,0
34250a,32R,1737403244897,1737403436728,16847.54252316036,192.1186513432374,106.18698104320067,-24.224806201550386,322.1513078109348,0
34260e,32R,1737377484217,1737377693323,16847.54252316036,207.50027281345754,94.38684533913467,0.0,323.15183242422586,0
34260e,32L,1737394070347,1737394207179,10583.773565404412,139.6036527834929,97.531810728389,-23.900573613766728,324.1101592451537,0
34260e,32R,1737407040992,1737407244263,16847.54252316036,203.42031606402224,91.48702242639845,0.0,322.60092973760095,0
3430cc,32R,1737405113676,1737405311828,16847.54252316036,197.62398617516902,102.02110024641655,0.0,319.41063885002177,0
343141,32R,1737365473863,1737365668256,16847.54252316036,194.4240579958158,139.17183958815207,0.0,321.92480673947114,0
343141,32L,1737379177415,1737379305337,10583.773565404412,127.52791896001924,108.05223409801697,0.0,320.74602022723536,0
343141,32R,1737409478586,1737409666724,16847.54252316036,187.26055923214417,94.80432521103619,0.0,321.612351582058,0
34324e,32R,1737364004766,1737364216873,16847.54252316036,211.7838853181168,93.93512075221264,-40.12841091492777,321.9271766827443,0
34324e,32R,1737380058975,1737380260277,16847.54252316036,200.1041451307878,103.48688316816582,0.0,324.42240098206724,0
34324e,32L,1737395888319,1737396031123,10583.773565404412,141.18350253972324,92.77893840674935,0.0,325.7466609220395,0
34324e,32L,1737409744369,1737409874465,10583.773565404412,137.97626871855934,101.81522482365129,0.0,323.9194931346108,0
343385,32L,1737378645423,1737378772381,10583.773565404412,129.39977805494334,97.35180206657456,0.0,319.7555369730593,0
34368c,32R,1737394069508,1737394282535,16847.54252316036,212.71606971997625,96.89810566606091,0.0,319.5826902407536,0
34368c,32L,1737409130784,1737409255354,10583.773565404412,131.9098297889361,92.73500418431634,-18.115942028985508,322.7016481407276,0
343694,32L,1737393960874,1737394086659,10583.773565404412,134.06115182179283,107.02591212706196,0.0,320.8647781009881,0
344195,32R,1737394226455,1737394431034,16847.54252316036,204.95409423052305,95.91940297304595,-16.414970453053186,320.4691701292291,0
344195,32R,1737410340899,1737410548788,16847.54252316036,207.53511001976878,92.44693228015932,0.0,320.241665035922,0
344197,32R,1737380994111,1737381196045,16847.54252316036,201.68971920196776,112.42746416745962,0.0,321.10440795676334,0
344197,32R,1737404137274,1737404336995,16847.54252316036,198.86937799696406,171.89932096502181,0.0,319.2655658359639,0
344213,32R,1737359258327,1737359456272,16847.54252316036,200.44167042645023,133.55559417563268,0.0,299.353161917396,0
344213,32R,1737379333425,1737379526826,16847.54252316036,194.33750358044105,106.23682656052883,0.0,328.64665148046544,0
344213,32L,1737394520198,1737394651431,10583.773565404412,136.15272055606275,115.80712829603227,0.0,324.7121852030062,0
344213,32R,1737407669116,1737407869929,16847.54252316036,200.11357343199174,116.12739905481901,-26.968716289104638,320.29695030013977,0
344216,32R,1737374260028,1737374449645,16847.54252316036,189.15388872112254,108.09856671687287,0.0,323.8729079486366,0
344216,32R,1737391966632,1737392167937,16847.54252316036,201.74116960490008,108.49068876919895,0.0,323.8730184049984,0
344216,32R,1737407947784,1737408154579,16847.54252316036,206.6239849278757,93.16945098383547,-22.32142857142857,322.5324649759371,0
344217,32L,1737375782346,1737375907773,10583.773565404412,128.19020114947193,101.63346955691154,0.0,319.8893948986859,0
344217,32L,1737401989318,1737402122717,10583.773565404412,137.144021227454,99.78471007884116,0.0,322.70171417326327,0
344218,32L,1737356613939,1737356750957,10583.773565404412,136.35974729904933,87.0388975814084,0.0,321.26581814784055,0
344218,32R,1737368221147,1737368423562,16847.54252316036,201.93393148204044,116.68716317644902,-49.01960784313725,321.5217803922837,0
344218,32R,1737380521309,1737380726913,16847.54252316036,205.2175905688369,102.17212068217607,0.0,317.7494657620745,0
344218,32R,1737395721187,1737395916071,16847.54252316036,193.85402156002493,108.42581297279334,-41.32231404958678,320.89213037652667,0
344297,32L,1737365208354,1737365337222,10583.773565404412,132.73840031960168,88.86886715697995,0.0,320.7224915813683,0
344297,32L,1737391466725,1737391597050,10583.773565404412,132.8107373165767,90.12820623176692,0.0,321.2508633032793,0
3442cb,32R,1737387395885,1737387614778,16847.54252316036,218.92653321796382,101.81518547056668,0.0,322.49395898561636,0
3442cb,32R,1737401865979,1737402087683,16847.54252316036,223.846022494166,89.57961165837118,0.0,322.5022904488503,0
344305,32L,1737357601348,1737357733551,10583.773565404412,131.5592841157746,91.87732737540246,12.254901960784313,322.9105398979107,0
344346,32L,1737366579055,1737366698183,10583.773565404412,123.13951038199914,99.88644473891179,0.0,321.9103437874875,0
344416,32R,1737362311946,1737362490241,16847.54252316036,177.06464653132403,118.50042093588175,-50.403225806451616,321.61155854276666,0
344416,32R,1737381275983,1737381474795,16847.54252316036,197.59931276610442,96.00707042555085,-24.43792766373412,322.98459618613765,0
344416,32R,1737408835271,1737409034099,16847.54252316036,198.4030317737007,93.14766231133527,0.0,325.2454004860307,0
344446,32L,1737386116143,1737386252126,10583.773565404412,139.40801065861913,78.35136817567479,0.0,321.7390494423011,0
344446,32L,1737404585990,1737404713005,10583.773565404412,130.38246958106816,85.0325279320882,0.0,322.70167663857933,0
344449,32L,1737388337381,1737388473500,10583.773565404412,131.64559188449462,99.96619086952754,0.0,319.5957182845605,0
344449,32R,1737409026683,1737409237334,16847.54252316036,210.18739856133195,109.969889163611,0.0,319.9953774155143,0
34444b,32L,1737364847668,1737364979339,10583.773565404412,135.32088265124057,76.4698092899357,0.0,321.78626540721734,0
34444b,32L,1737378868027,1737378997905,10583.773565404412,137.52597762584216,81.68543975066673,-24.31906614785992,322.00015361911585,0
34444b,32R,1737397003759,1737397198651,16847.54252316036,195.09348491790448,97.7848423030461,-24.59419576979833,322.9477194396667,0
344455,32L,1737384925275,1737385055847,10583.773565404412,129.67250343804176,97.17101349652776,-17.50700280112045,321.57265742961306,0
344455,32L,1737409230417,1737409352422,10583.773565404412,127.07225782364816,91.29492262725846,-41.254125412541256,325.89769771131995,0
344459,32R,1737353340363,1737353516537,16847.54252316036,176.05506746536017,128.90946884968935,0.0,322.3988300467804,0
344459,32R,1737374131438,1737374322508,16847.54252316036,190.82486300860742,98.9206468870745,-22.143489813994684,321.9937493357161,0
344459,32L,1737403520319,1737403643611,10583.773565404412,126.27089610681105,93.36179634695104,0.0,321.9157577037198,0
344481,32L,1737365376593,1737365517655,10583.773565404412,134.44308007853667,95.44480466054071,-48.732943469785575,324.6670060119702,0
344481,32R,1737384521204,1737384707711,16847.54252316036,186.18764350123215,104.44144283347232,-40.71661237785016,323.95476393035386,0
344481,32R,1737409620753,1737409816845,16847.54252316036,195.73143841268785,86.38222830782229,0.0,322.5323819209294,0
344487,32R,1737370543284,1737370727396,16847.54252316036,183.92735663833724,102.50488377221886,-24.557956777996072,322.53233131071875,0
344498,32L,1737381102197,1737381220900,10583.773565404412,117.66792289825915,114.0152026969642,0.0,322.86774912342327,0
3444c3,32R,1737360536315,1737360715683,16847.54252316036,179.27541344573962,109.8185514768063,-30.599755201958388,323.8730560715592,0
3444c3,32R,1737376576123,1737376765789,16847.54252316036,188.78997059922995,102.05590783189108,0.0,322.36349317961765,0
3444c3,32R,1737403858767,1737404073111,16847.54252316036,213.96727810357294,93.5349710705199,-24.557956777996072,323.30781188074,0
3444c4,32R,1737354304751,1737354495363,16847.54252316036,190.40247203536984,88.08491083910229,0.0,323.71473134466265,0
344502,32L,1737380306581,1737380435653,10583.773565404412,132.63456416063926,76.41601871544114,0.0,321.25109522696823,0
344545,32R,1737412893179,1737413139381,16847.54252316036,246.58741303765106,89.81141658704539,0.0,314.54182181143466,0
3445d4,32L,1737366329174,1737366460247,10583.773565404412,130.5288407705796,102.48728598026173,-49.115913555992144,322.5450481480234,0
3445d4,32R,1737390772164,1737390971342,16847.54252316036,200.2062605102434,103.29526337242405,-12.21896383186706,319.4011725566586,0
344648,32R,1737356664117,1737356864059,16847.54252316036,200.05799843756697,96.9472483761525,-40.91653027823241,321.45498214423213,0
344648,32R,1737378995964,1737379196111,16847.54252316036,200.50043427376227,96.6817354148185,-12.88659793814433,322.3794229210914,0
344648,32L,1737397042764,1737397167198,10583.773565404412,120.57987056245777,141.94220044141298,0.0,323.8854571006862,0
345082,32R,1737341823030,1737342005348,16847.54252316036,182.1757886783507,123.64828100565462,-49.6031746031746,323.94768893476254,0
345101,32R,1737359864842,1737360064044,16847.54252316036,199.49511607749426,99.55117404637167,0.0,322.2910723447103,0
345109,32L,1737362616205,1737362748825,10583.773565404412,141.55864707506575,60.469764736781954,0.0,328.49742506309116,0
3451d6,32L,1737408530608,1737408682525,10583.773565404412,155.92107995765687,99.98581807835966,0.0,321.35183511611575,0
3451d9,32R,1737357902007,1737358109965,16847.54252316036,206.95888236571616,107.43826037259605,-25.4323499491353,320.4567173065613,0
3451d9,32R,1737378645011,1737378847657,16847.54252316036,202.71349414791584,80.30353775515914,0.0,319.58253406281534,0
345205,32R,1737379957989,1737380160226,16847.54252316036,202.49428458847183,91.00786427032592,-41.11842105263158,325.885376315169,0
34520e,32L,1737406637463,1737406763658,10583.773565404412,130.0792003194218,94.9805643305235,0.0,322.4170555600664,0
34520f,32L,1737373719175,1737373846075,10583.773565404412,129.5687713152035,98.0674572646603,0.0,319.75565216531953,0
345218,32L,1737363200629,1737363322157,10583.773565404412,129.0324590854184,85.09679892371686,0.0,325.156226495071,0
345218,32R,1737400427572,1737400629197,16847.54252316036,201.50984987790645,87.00214464077978,0.0,322.1247015628086,0
345299,32L,1737374074375,1737374195851,10583.773565404412,125.60098757702701,102.69983334960669,-26.968716289104638,323.3206190869992,0
3452c7,32R,1737365350927,1737365545182,16847.54252316036,193.86761777410737,119.11829089731897,0.0,318.66675037891923,0
3452c7,32R,1737381519266,1737381727168,16847.54252316036,207.05892337403512,76.39452829536962,0.0,320.4203372258427,0
3452c8,32R,1737352291139,1737352489624,16847.54252316036,196.82472701382878,108.42581297279334,0.0,320.89213037652667,0
3452c8,32R,1737365132671,1737365336987,16847.54252316036,204.16644896317575,113.42701582407794,0.0,314.37941986438216,0
3452c8,32R,1737397763056,1737397962275,16847.54252316036,199.5950832680551,102.4371322630209,0.0,322.41675703002943,0
34530e,32R,1737353490509,1737353708052,16847.54252316036,218.17086941542138,95.42454369633919,0.0,319.3148561000602,0
34530e,32R,1737365240918,1737365443921,16847.54252316036,202.45043303122523,94.14251784444366,-27.114967462039044,319.7598680763947,0
34530e,32L,1737380629384,1737380757346,10583.773565404412,136.32478396801346,93.17341208465463,0.0,321.9022220374387,0
34530e,32R,1737397409418,1737397600169,16847.54252316036,189.57178742620826,128.2991122411228,-60.09615384615385,321.924935951871,0
345318,32R,1737349005633,1737349209188,16847.54252316036,203.86287717445214,104.57419423822914,0.0,322.1980846666775,0
345319,32L,1737356476639,1737356596462,10583.773565404412,127.52640539936357,91.64742774886089,0.0,325.74671617994255,0
345385,32R,1737364260642,1737364461078,16847.54252316036,201.1607847060653,124.91326411316389,0.0,321.6468991399476,0
345385,32L,1737382499532,1737382634250,10583.773565404412,138.83117743014176,79.64046890599273,0.0,322.80000277082263,0
345388,32L,1737367366605,1737367504512,10583.773565404412,137.17259358251945,117.93990789320118,0.0,324.42656642063804,0
345388,32L,1737380180481,1737380310983,10583.773565404412,133.64246568633823,91.29515664032597,0.0,325.89748081278333,0
34538e,32L,1737361588150,1737361713101,10583.773565404412,128.34850309333817,106.27378666533578,0.0,320.8416134828479,0
34538e,32L,1737376236829,1737376362098,10583.773565404412,133.49941919474117,78.46723895763424,-26.881720430107524,322.16059237888555,0
34538e,32L,1737392712369,1737392841286,10583.773565404412,132.09714743903473,89.67700722885084,0.0,322.1086667841512,0
34538e,32L,1737408785533,1737408911873,10583.773565404412,130.13364748193544,84.68506802068251,-40.58441558441559,322.5450863749624,0
3453c1,32R,1737373406701,1737373589889,16847.54252316036,183.35116968301995,112.27176746738049,0.0,322.1219861696863,0
3453c1,32L,1737407278065,1737407405590,10583.773565404412,133.82519113889575,102.99719790696713,0.0,322.7016391047229,0
3453c9,32L,1737358703355,1737358829622,10583.773565404412,128.8252226104507,94.8966852631011,0.0,322.9480758271163,0
3453cc,32L,1737374837875,1737374963027,10583.773565404412,128.59445250390144,88.9728886426763,-22.182786157941436,320.746039626635,0
345543,32L,1737383684479,1737383823487,10583.773565404412,142.73099346701454,108.17104922264292,0.0,320.91059419515756,0
345558,32L,1737393839082,1737393973652,10583.773565404412,138.82248003265798,86.8643207678981,-24.366471734892787,325.465920384104,0
345583,32R,1737359976226,1737360174771,16847.54252316036,198.32644996633562,118.42284883018647,-62.65664160401002,318.9449405085852,0
345583,32R,1737378288259,1737378490476,16847.54252316036,201.73196044935204,96.31752850072948,0.0,319.28051434889846,0
345583,32R,1737394860310,1737395059947,16847.54252316036,198.53141698214424,98.5879019965712,0.0,320.4005770753521,0
345583,32L,1737408674589,1737408805152,10583.773565404412,134.1244117987922,93.45454280515888,0.0,321.86829325519443,0
34558f,32L,1737373435709,1737373551474,10583.773565404412,123.82764132844896,93.19002958189716,49.01960784313725,321.64545545639663,0
345597,32L,1737370864897,1737370990612,10583.773565404412,133.55464004210035,72.5457290174448,0.0,321.0250015868303,0
345597,32R,1737402127186,1737402335255,16847.54252316036,208.57282782043913,101.63772569780822,0.0,321.67989001681644,0
3455d5,32R,1737353126835,1737353342600,16847.54252316036,215.28969809233115,84.48586051958688,0.0,322.6888552715303,0
345615,32R,1737356796176,1737356990533,16847.54252316036,193.85899436991946,92.69539390524302,0.0,317.80803815492914,0
345615,32L,1737379583858,1737379717189,10583.773565404412,137.51621189989106,95.08353755528563,0.0,321.8400764513586,0
345615,32L,1737394771509,1737394898373,10583.773565404412,134.76819120435752,80.17792328472164,0.0,320.9050303869412,0
345685,32L,1737372078828,1737372210576,10583.773565404412,137.69976915580736,89.97653255718632,-17.397355601948504,321.56872265005893,0
345685,32L,1737398214777,1737398345469,10583.773565404412,136.13890361575895,104.29718882769478,-27.3224043715847,320.37474053066035,0
345687,32R,1737354863820,1737355060205,16847.54252316036,197.48273490962129,106.28537005554361,0.0,307.136167444446,0
345687,32L,1737378954741,1737379097151,10583.773565404412,138.81934382651457,85.0397577536641,-24.366471734892787,319.32386449772116,0
345687,32R,1737406482971,1737406679328,16847.54252316036,196.17020983431533,98.76128045911115,0.0,320.2971446731966,0
345688,32R,1737380389901,1737380587958,16847.54252316036,196.35698136039073,123.07221920581053,0.0,320.8922636247095,0
345688,32R,1737396013894,1737396217361,16847.54252316036,203.30669147423484,93.35150129975516,-49.01960784313725,323.3078677800958,0
345691,32R,1737358477534,1737358668721,16847.54252316036,191.19517231591342,101.21082427788322,0.0,324.0274360480084,0
345691,32R,1737400733093,1737400935297,16847.54252316036,201.62132088034556,100.45614935354605,-16.789791806581597,321.5071038068543,0
345692,32L,1737355022455,1737355154311,10583.773565404412,131.332885341563,100.27270297412679,0.0,324.03997659520525,0
345692,32L,1737379764865,1737379889596,10583.773565404412,127.43182756524482,90.79658092715324,0.0,320.80323761646883,0
345692,32R,1737403675676,1737403892247,16847.54252316036,217.27842643899507,72.94449127351723,0.0,323.87298328408747,0
346045,32R,1737347423340,1737347638553,16847.54252316036,216.5754646650024,76.18781907968884,0.0,322.6890554502392,0
34604b,32R,1737379105640,1737379312560,16847.54252316036,206.89746178270397,123.54124462265933,0.0,322.58441857557375,0
34604d,32R,1737373909781,1737374092441,16847.54252316036,182.6989687258711,100.59556131946731,0.0,322.86382075467804,0
34604d,32R,1737403380029,1737403576950,16847.54252316036,196.8928361414435,95.71653502188438,-24.31906614785992,320.8920856827123,0
34604e,32L,1737371861034,1737371995992,10583.773565404412,137.93202018698915,65.67422151309488,-40.91653027823241,323.11104413200815,0
346057,32L,1737376765474,1737376889808,10583.773565404412,127.53342481114701,105.35503060460371,0.0,324.43498312317575,0
346082,32L,1737374938422,1737375059520,10583.773565404412,124.61760419197758,88.2945850391863,0.0,323.8856079138108,0
346082,32R,1737404988640,1737405187878,16847.54252316036,198.91583631287273,125.65717280579405,0.0,330.0509584458704,0
346083,32L,1737374414608,1737374537119,10583.773565404412,121.70354518016786,120.83418398513464,-59.80861244019139,325.41607108411216,0
346083,32L,1737399976977,1737400098633,10583.773565404412,129.23574258162267,79.51666928199212,-41.18616144975289,324.59389860575016,0
346146,32R,1737347290028,1737347493796,16847.54252316036,203.64498412573627,100.98272180972546,0.0,322.6889586762995,0
346147,32R,1737383979360,1737384180470,16847.54252316036,200.66994107400527,120.35482965923757,0.0,324.5759625784684,0
346147,32L,1737408434484,1737408573675,10583.773565404412,143.31853885843648,91.37570251455358,0.0,318.9581410734701,0
3461cb,32R,1737346248060,1737346453164,16847.54252316036,203.40970135158764,169.39908833093966,0.0,322.5323055401882,0
346204,32L,1737358284183,1737358397752,10583.773565404412,120.30672502435797,106.84397234379045,0.0,324.03997659520525,0
346204,32R,1737379213909,1737379413900,16847.54252316036,199.02802084160402,106.97323287742098,-24.342745861733206,322.1857025044572,0
346204,32R,1737409733797,1737409927128,16847.54252316036,192.7451199326649,113.59481884628617,0.0,323.43683595677936,0
34628d,32L,1737366697363,1737366828115,10583.773565404412,130.17028418818998,116.74102511280329,-59.523809523809526,324.5549947701564,0
3462c9,32R,1737344879432,1737345079008,16847.54252316036,198.66080816826405,171.0650466992293,0.0,322.53242010979795,0
3462c9,32L,1737375216774,1737375350139,10583.773565404412,136.7424848600253,85.7994110124353,0.0,322.5450290333984,0
346303,32R,1737355523056,1737355720226,16847.54252316036,196.76939598485208,105.60890349166921,0.0,321.01001341957124,0
346303,32R,1737380831789,1737381032637,16847.54252316036,200.00290364249153,96.50795589397018,0.0,321.0519668390437,0
346303,32R,1737401094063,1737401296596,16847.54252316036,202.21385213260524,99.70450923660536,0.0,322.68903973046986,0
346310,32L,1737367465732,1737367589967,10583.773565404412,128.05822241579142,86.33276474804516,0.0,326.0048293790664,0
346316,32L,1737409465671,1737409590553,10583.773565404412,123.6706176674906,88.26834299225138,0.0,320.8389658999438,0
34635a,32R,1737340644996,1737340826700,16847.54252316036,181.62688639798424,92.26917984526666,-49.6031746031746,332.9347794317106,0
34635a,32R,1737398749972,1737398939728,16847.54252316036,189.2776416741038,108.35975236544766,0.0,323.8728514494339,0
346384,32L,1737369539664,1737369662582,10583.773565404412,126.60363028588417,114.29643613162358,0.0,321.6273388309953,0
346386,32R,1737347164448,1737347358760,16847.54252316036,194.34495238753414,126.61117810090701,-20.627062706270628,322.7588067076766,0
34640e,32L,1737396158286,1737396288956,10583.773565404412,137.0868482085869,77.43851599472856,0.0,323.85545567582903,0
34644c,32L,1737364415968,1737364543789,10583.773565404412,131.33781083876616,90.30936121735758,0.0,318.2110582358939,0
34644c,32L,1737393612649,1737393747095,10583.773565404412,132.58839408798363,110.90350042962163,0.0,327.4457669161071,0
34644e,32L,1737365016185,1737365149180,10583.773565404412,137.50246141918336,79.45398819002983,-20.475020475020475,323.164725447761,0
34644e,32L,1737392112144,1737392227845,10583.773565404412,123.56810994484258,82.94376509527247,-40.06410256410256,325.2629769707337,0
346458,32R,1737363000063,1737363191734,16847.54252316036,191.86565323608352,107.39647582253,-16.371971185330715,320.89220568011183,0
346458,32R,1737388608926,1737388804665,16847.54252316036,196.48307623734127,107.95356130400359,-24.390243902439025,316.99870669077524,0
346458,32L,1737409340839,1737409472482,10583.773565404412,136.52412474668174,79.17934905169076,0.0,324.71659088496597,0
346499,32L,1737372531219,1737372659099,10583.773565404412,135.35973965191897,89.17230762488754,0.0,323.8855702113561,0
346499,32L,1737395752690,1737395897210,10583.773565404412,142.67313469636463,110.20576438873817,0.0,323.88543824855793,0
34654b,32R,1737401565359,1737401759301,16847.54252316036,193.86177876825263,100.02876174804666,-49.115913555992144,323.1097552538823,0
34659a,32L,1737375645015,1737375777318,10583.773565404412,135.21495176077016,72.81100215790072,0.0,322.25047362610474,0
3465c5,32L,1737375447960,1737375585393,10583.773565404412,136.29880145934342,106.26940826463562,0.0,317.6097597684614,0
34660b,32L,1737376879451,1737377013392,10583.773565404412,137.33303668501637,92.67820357095054,0.0,321.8511046579869,0
34660b,32L,1737402333107,1737402482676,10583.773565404412,148.06055282495657,60.11059511858253,0.0,328.4973368651775,0
34660e,32R,1737375526391,1737375739884,16847.54252316036,209.18742800564095,85.70211978096941,0.0,319.58251453986264,0
346611,32R,1737372368620,1737372571879,16847.54252316036,199.91298011299025,88.3396077764183,0.0,325.3125213539517,0
34664e,32R,1737358991894,1737359251064,16847.54252316036,258.2309543113332,80.58736672423007,0.0,320.1006171251277,0
347206,32L,1737374299180,1737374426516,10583.773565404412,130.38740251816523,83.68855359347384,0.0,328.88761458541757,0
347219,32R,1737362744747,1737362947776,16847.54252316036,204.18797351736782,111.51635634987564,-27.129679869777537,323.7031967867647,0
347219,32R,1737385825141,1737386024558,16847.54252316036,199.38132222034585,96.8680982000951,0.0,318.4618697005063,0
347219,32R,1737411492096,1737411701683,16847.54252316036,210.30739056906555,117.46793339323608,-12.933264355923434,320.33404180139576,0
347247,32R,1737395601990,1737395798058,16847.54252316036,196.47882373238906,129.78838938534201,-62.189054726368155,322.53228644472676,0
347287,32R,1737379449849,1737379644447,16847.54252316036,194.16212557092663,106.66305311112743,0.0,322.68892117856035,0
347287,32R,1737406338136,1737406545627,16847.54252316036,205.82459206894603,91.76148309857055,0.0,328.27245625656906,0
347288,32R,1737362638341,1737362835339,16847.54252316036,197.0228889566464,96.96454792534801,0.0,327.37967274913785,0
347288,32R,1737394734316,1737394939274,16847.54252316036,201.3891175653531,126.72951765708916,-61.88118811881188,322.6882462377122,0
347297,32L,1737372735293,1737372864552,10583.773565404412,138.20083041635823,74.82372633715815,0.0,320.45443960036687,0
3472c9,32R,1737365597497,1737365789520,16847.54252316036,191.59036444165199,134.8600811903861,0.0,325.7343015742978,0
3472c9,32R,1737380173532,1737380373224,16847.54252316036,198.73335780811985,107.17042815333309,0.0,325.0619104681777,0
3472c9,32L,1737405596335,1737405723670,10583.773565404412,130.79742698614677,114.81698400811474,48.732943469785575,323.95155107434607,0
3472cc,32R,1737366640148,1737366832738,16847.54252316036,192.78850223965233,126.7843517515375,-49.21259842519685,324.13533214109003,0
3472cc,32R,1737394962948,1737395170662,16847.54252316036,205.9854306113128,90.62291095309583,0.0,318.1976882714772,0
347307,32L,1737360983459,1737361109843,10583.773565404412,129.26631608470623,72.8916527985302,0.0,325.89759490489286,0
347307,32L,1737382149624,1737382277047,10583.773565404412,130.7771842871422,73.82207691773054,-49.115913555992144,325.74673460081254,0
347307,32L,1737396400897,1737396531121,10583.773565404412,133.27680518387018,81.24758717594437,0.0,319.59558148792973,0
347307,32L,1737408931121,1737409063192,10583.773565404412,135.1552413617984,91.73085521870239,0.0,318.9579289841786,0
347309,32R,1737376864301,1737377052974,16847.54252316036,189.07196973114145,114.2886115296963,0.0,321.9522088943834,0
347309,32R,1737404655912,1737404851274,16847.54252316036,194.10198768223464,103.31677725380789,0.0,322.532229158983,0
347311,32R,1737374454119,1737374648983,16847.54252316036,195.64844768211455,96.15026978951032,-14.310246136233543,321.98757965073247,0
347311,32R,1737395863537,1737396046134,16847.54252316036,182.20653833635907,113.69713564816647,-61.72839506172839,322.9530022492552,0
347312,32L,1737373623592,1737373745494,10583.773565404412,124.8405289238336,91.9225877686582,0.0,322.5451121298579,0
347312,32L,1737401018644,1737401149913,10583.773565404412,134.40258240896964,96.36417839694855,0.0,319.1633386478818,0
347344,32R,1737359646048,1737359844480,16847.54252316036,198.67309105096246,114.89746633930564,0.0,318.8218574259636,0
347344,32R,1737394568573,1737394779296,16847.54252316036,209.95484224995315,99.96677544835599,-16.393442622950822,321.3487639901832,0
347349,32R,1737373625140,1737373814177,16847.54252316036,188.86106409765338,105.78172493414776,0.0,322.6889084885322,0
347386,32L,1737378747684,1737378879303,10583.773565404412,139.95574405864042,80.34390501548648,0.0,316.177654842101,0
34740f,32L,1737373940274,1737374059384,10583.773565404412,123.78794745277217,113.36022808764423,0.0,321.6926134719554,0
347453,32L,1737364932300,1737365070358,10583.773565404412,141.3495209306262,84.68515458954734,0.0,322.54500992021883,0
347453,32L,1737382307290,1737382427806,10583.773565404412,124.15299893313002,89.38385177171814,0.0,324.8868946603932,0
347453,32R,1737405976479,1737406182156,16847.54252316036,204.89752000888944,85.39275370400998,0.0,322.5322291590158,0
347454,32R,1737363129864,1737363330306,16847.54252316036,200.74980654878672,90.85845516786765,0.0,325.88530971130973,0
347454,32R,1737395477009,1737395671636,16847.54252316036,195.13116196075484,116.25593418808272,0.0,325.2407605817801,0
347481,32L,1737362519345,1737362645077,10583.773565404412,128.91171304486713,86.14423931759491,0.0,324.0399951001528,0
347481,32L,1737376970076,1737377102626,10583.773565404412,131.8101497098745,90.67416161233052,-47.98464491362764,318.9581410734701,0
347481,32L,1737404013689,1737404150733,10583.773565404412,140.47048802081017,88.99533571405651,0.0,323.8856079138496,0
3474cd,32L,1737376323430,1737376448214,10583.773565404412,131.84678948566122,69.98050131745626,0.0,318.3638435644711,0
3474da,32R,1737363496156,1737363673784,16847.54252316036,177.59004814624015,118.93706368451646,0.0,318.7841435630777,0
3474da,32L,1737395655530,1737395797147,10583.773565404412,140.68419512079117,89.4854282890658,0.0,320.5178737162006,0
3474da,32L,1737409031148,1737409163310,10583.773565404412,136.89000225224564,110.36846296243766,0.0,320.88592764583547,0
347501,32L,1737357973035,1737358085337,10583.773565404412,119.84514450103123,108.14650628999713,0.0,320.8875336880209,0
347501,32L,1737385750662,1737385868622,10583.773565404412,125.15670827443128,100.39347640718952,-12.266928361138373,323.0399273556112,0
347501,32R,1737401245962,1737401442727,16847.54252316036,197.78115390081334,101.19965034083077,-20.32520325203252,321.2359025610242,0
34750a,32L,1737374720024,1737374838586,10583.773565404412,121.15216212426434,130.72987317234941,0.0,323.58347231103403,0
34750a,32R,1737405584426,1737405783130,16847.54252316036,198.48673887724047,99.60639201965873,-41.254125412541256,321.1649081741027,0
34750b,32L,1737363685795,1737363819907,10583.773565404412,128.33665938785913,99.03825365935306,0.0,319.75576735567637,0
34750b,32L,1737393335648,1737393459290,10583.773565404412,126.7714254965103,104.9948446405577,0.0,319.3239222326157,0
34750b,32L,1737406307273,1737406441291,10583.773565404412,132.58792878457106,87.71394369575667,0.0,322.28638532802404,0
34750f,32L,1737376449746,1737376580115,10583.773565404412,129.32095173874296,96.05207243247479,0.0,324.43504973698714,0
34750f,32L,1737391089927,1737391216336,10583.773565404412,130.05545675471498,109.1419174513215,0.0,323.5512416649102,0
34750f,32L,1737407998499,1737408125966,10583.773565404412,125.6922814196539,121.03671343232008,0.0,317.1929437736501,0
347518,32R,1737346536387,1737346737918,16847.54252316036,201.4559366913829,95.41615853095821,0.0,324.9342369103313,0
34754c,32R,1737367354264,1737367534634,16847.54252316036,180.05009358195431,138.02461970787564,-48.732943469785575,323.17881180564837,0
34754c,32L,1737395237950,1737395371466,10583.773565404412,136.60540438792302,96.43553705352528,-49.30966469428008,324.6085553911289,0
34754d,32L,1737368096753,1737368231445,10583.773565404412,133.8012223124772,90.32553052558562,0.0,325.74677143898714,0
347553,32R,1737349776117,1737349988680,16847.54252316036,212.36983469248523,100.23132636847026,0.0,319.5826121509004,0
347553,32R,1737379566828,1737379764865,16847.54252316036,198.86059631169329,109.25434636833519,0.0,324.5565951603963,0
347553,32R,1737411610776,1737411812005,16847.54252316036,203.5208806656347,106.24395563320066,-27.382256297918946,346.11650718532076,0
347588,32L,1737363980119,1737364115026,10583.773565404412,134.04896909372715,99.15411604285033,-6.456611570247934,322.70188468789496,0
347588,32L,1737390170924,1737390294891,10583.773565404412,127.32165369047594,97.1151532299917,0.0,319.7557865547703,0
347588,32R,1737415951416,1737416146011,16847.54252316036,195.74254573496236,143.1474911965268,0.0,321.87194558491507,1
34758c,32L,1737372382762,1737372507059,10583.773565404412,127.08354197527804,107.69114451550126,0.0,320.7459231453237,0
34758c,32L,1737398752012,1737398891839,10583.773565404412,143.87527300609057,89.12430661055565,-12.278978388998036,321.8494906577667,0
3475c7,32L,1737365503308,1737365633896,10583.773565404412,133.5593687478882,98.32760080181613,0.0,316.2259920554503,0
3475c9,32R,1737393151274,1737393338913,16847.54252316036,187.9201402759561,107.809484466514,0.0,323.49813028120707,0
3475d5,32R,1737354740603,1737354939499,16847.54252316036,197.63566032633528,92.68808968837071,0.0,324.02719571269654,0
3475d5,32R,1737377330291,1737377530914,16847.54252316036,198.98926169401147,89.97072871381187,-38.52080123266564,321.67959089729703,0
3475d5,32R,1737392528603,1737392736116,16847.54252316036,207.59982401067998,99.80161245539153,0.0,322.6889774254494,0
347604,32R,1737343021787,1737343209040,16847.54252316036,187.07201081194566,65.36249178961062,-30.864197530864196,322.36809907512145,0
347645,32L,1737375344141,1737375479387,10583.773565404412,138.72042061018007,75.73545880411737,0.0,325.8976129800678,0
347645,32L,1737409914918,1737410043299,10583.773565404412,131.70639355672904,90.92487715785965,0.0,319.91059851693115,0
347647,32L,1737375104586,1737375228634,10583.773565404412,129.19329965294997,83.91738911412963,0.0,322.70169841822917,0
347647,32L,1737408253253,1737408387511,10583.773565404412,137.97759461070413,92.2325153665622,-40.98360655737705,324.3618045526292,0
34764a,32L,1737376651769,1737376781349,10583.773565404412,137.8434132378601,72.54536990319116,0.0,321.9460362526095,0
347658,32R,1737358347751,1737358541948,16847.54252316036,193.92793453668918,110.69648548832959,-41.390728476821195,320.73297742943214,0
347659,32R,1737347583926,1737347781460,16847.54252316036,199.03695784290417,116.50952897881504,0.0,324.34927903701646,0
347691,32L,1737404926923,1737405042695,10583.773565404412,123.64448340321626,91.49458049711181,0.0,311.72058699203967,0
347692,32R,1737342781658,1737342970070,16847.54252316036,188.52678537347288,74.43402670721056,0.0,330.75793822366484,0
347692,32R,1737375662824,1737375858390,16847.54252316036,195.50763078417094,97.38810215900723,0.0,322.6891425615023,0
34810b,32R,1737346823380,1737347029281,16847.54252316036,205.77269554221812,75.58054132149152,0.0,323.40164352828805,0
348212,32L,1737364530159,1737364665534,10583.773565404412,139.23754358356913,84.00913956669746,0.0,322.70175471992405,0
348305,32L,1737365293506,1737365421767,10583.773565404412,136.7706648874116,79.52038862395054,0.0,322.0651403063647,0
394c09,32R,1737389795513,1737389984714,16847.54252316036,188.48452628622815,81.57359647967948,0.0,296.19983418644216,0
394c18,32R,1737411963844,1737412160656,16847.54252316036,196.6246757189217,117.37787070647897,0.0,321.5216262765088,0
394c19,32R,1737369423993,1737369633965,16847.54252316036,210.3296825278653,95.52748807556975,-24.630541871921185,323.1216809328059,0
3964e9,32R,1737396346561,1737396536762,16847.54252316036,190.00488088121406,108.8933852952673,-27.144408251900106,320.7332036094528,0
398189,32R,1737361254536,1737361487476,16847.54252316036,232.86063595416394,58.71130341426877,0.0,317.28375506784505,0
3991e7,32R,1737360060462,1737360263516,16847.54252316036,201.86475055996218,104.08896583270572,-16.25487646293888,322.2901539843285,0
3991e7,32L,1737397694455,1737397826597,10583.773565404412,135.971073039243,118.03874639991267,0.0,318.797323177568,0
3991ea,32R,1737382346399,1737382535792,16847.54252316036,188.89252197565511,132.28049538503828,-61.274509803921575,318.7036670823213,0
39ceae,32R,1737355861306,1737356052357,16847.54252316036,192.29900365791354,104.26959367804334,-44.64285714285714,321.6796287335367,0
39de46,32R,1737371013291,1737371207165,16847.54252316036,193.33983874401963,115.24521178804534,0.0,318.94519090195473,0
3c582f,32L,1737355342851,1737355493494,10583.773565404412,155.7436056936134,87.80347354234235,-9.067827348567283,322.29708429947095,0
3c6486,32R,1737375052753,1737375242402,16847.54252316036,189.81288286254573,91.09241498076935,-27.114967462039044,321.98742923872913,0
3c648c,32R,1737384764067,1737384953590,16847.54252316036,190.37826716364194,103.879532685959,-49.40711462450593,307.86888560075175,0
3c64a5,32R,1737366804365,1737367002200,16847.54252316036,197.90645256435053,100.91267066445702,0.0,322.74129690431664,0
3c65d1,32R,1737390578246,1737390780155,16847.54252316036,202.42859011953524,94.60587787192631,0.0,314.3796889532398,0
3ce686,32L,1737377237858,1737377381551,10583.773565404412,152.7883897650735,83.04328633219123,0.0,322.3855237554251,0
3e377e,32L,1737406070841,1737406213039,10583.773565404412,147.36225192764675,93.93873682931002,0.0,325.7466056625936,0
405a47,32L,1737370102054,1737370234803,10583.773565404412,137.2339803481005,92.39994411821738,0.0,322.70199197498437,0
405a48,32L,1737398448456,1737398583996,10583.773565404412,138.18789648902498,104.38705244491258,-48.16955684007707,320.7074289048523,0
405ee1,32L,1737365719839,1737365845696,10583.773565404412,128.8465483477656,113.28850695216184,0.0,318.9580446696249,0
4063de,32L,1737392959394,1737393089910,10583.773565404412,133.95916847012057,97.47010273672913,0.0,319.75582781499793,0
40762c,32R,1737413045122,1737413262660,16847.54252316036,218.15671844060876,99.49792641937317,-60.97560975609756,319.58261215094063,0
4079f7,32L,1737363004662,1737363136511,10583.773565404412,135.77741428388126,83.91743099079048,0.0,322.70160157001504,0
407e61,32L,1737360335608,1737360452164,10583.773565404412,123.57089022425639,118.18392377181569,-62.34413965087281,321.5159720822819,0
424bc5,32R,1737389543947,1737389747777,16847.54252316036,203.61186648704205,94.79639174518567,-24.390243902439025,323.2990720251597,0
44cdc8,32L,1737374615101,1737374737183,10583.773565404412,125.40060473049925,115.83606022754417,-17.25327812284334,322.3799757064219,0
44ce79,32R,1737412635181,1737412840868,16847.54252316036,204.8605457310747,87.70258615535816,0.0,324.02745453583435,0
452164,32R,1737372554695,1737372763135,16847.54252316036,208.7018436042782,82.09038444503592,0.0,314.5416079389404,0
46b82c,32R,1737369851505,1737370049893,16847.54252316036,199.33503709881083,92.76189104116357,0.0,319.4589048482496,0
471f02,32R,1737398186016,1737398374865,16847.54252316036,189.439491851263,119.93324918125711,0.0,322.364816123893,0
471f36,32R,1737391627308,1737391831824,16847.54252316036,202.732848686405,99.57280284365237,-40.65040650406504,328.0073973225685,0
471f72,32R,1737365843435,1737366044084,16847.54252316036,201.64195941389968,94.95035650287646,-19.485580670303975,321.3327847034764,0
471f77,32R,1737361038971,1737361241442,16847.54252316036,202.72039035759755,111.09615474724592,-37.230081906180196,322.93559207425443,0
471f8f,32R,1737387088304,1737387290924,16847.54252316036,202.59681230301842,91.49144031758206,-24.4140625,323.4613328787298,0
484132,32R,1737372133191,1737372320370,16847.54252316036,187.04283395246773,104.97025506615391,0.0,323.02795535991146,0
48415f,32R,1737363244151,1737363430038,16847.54252316036,185.65529224800815,99.01507042661612,-60.67961165048544,319.5825145398224,0
484160,32R,1737384330695,1737384519150,16847.54252316036,187.84041707056616,103.09497049684776,0.0,318.8917231853427,0
484558,32R,1737412338092,1737412523393,16847.54252316036,185.0635989168093,102.70661257054789,0.0,322.5323695004723,0
484ee4,32L,1737397269973,1737397393069,10583.773565404412,130.31409855449306,89.89342967048539,0.0,325.7466977603597,0
48af09,32R,1737378836399,1737379028707,16847.54252316036,192.405881165451,105.88616304374507,-25.75991756826378,323.7030458317641,0
48c239,32R,1737363885150,1737364070470,16847.54252316036,184.79042688165617,98.09576336072858,-45.955882352941174,322.237856440901,0
48c2a1,32R,1737359545309,1737359729122,16847.54252316036,182.62419189744458,115.855013385526,-49.6031746031746,321.6796854905782,0
490d09,32R,1737395101325,1737395320432,16847.54252316036,217.9626706667261,76.82048463274434,0.0,320.1058094755318,0
490d82,32L,1737390709231,1737390827731,10583.773565404412,125.62848025104643,99.93595690012354,0.0,320.6798569886273,0
493033,32R,1737389407474,1737389619093,16847.54252316036,211.3459818831114,97.63134947569996,0.0,314.7601612814462,0
495146,32R,1737410851376,1737411045544,16847.54252316036,193.06832402409174,91.28143706116572,0.0,325.53210537274015,0
495150,32L,1737407735341,1737407868241,10583.773565404412,132.5018721559026,98.08942784135972,0.0,322.16414584206717,0
4951ca,32L,1737371446283,1737371563326,10583.773565404412,119.88756055964886,105.39659557403695,0.0,327.7736797145193,0
4951d1,32L,1737382061697,1737382191621,10583.773565404412,135.01526394888654,103.08427660107134,0.0,329.7287546887721,0
495cd0,32L,1737371673926,1737371803730,10583.773565404412,133.72531548928833,95.03383039030945,-17.421602787456447,323.216367176048,0
49d5a6,32R,1737375269419,1737375461930,16847.54252316036,191.72042874096203,101.43701499475519,0.0,321.35328574958794,0
4a08ea,32R,1737367145927,1737367322280,16847.54252316036,176.22163649914393,109.68423317555441,-61.12469437652812,323.8730021175337,0
4a1a61,32R,1737400125881,1737400307300,16847.54252316036,180.59206808643506,100.58638463367386,0.0,322.688739750601,0
4b027e,32R,1737358646855,1737358852234,16847.54252316036,203.75255641417326,103.45549600439375,-18.355359765051393,321.9986450549981,0
4b19fc,32R,1737360791829,1737360997801,16847.54252316036,204.76036033391318,103.35353849879212,0.0,320.5518701574491,0
4b1a27,32R,1737373750119,1737373945202,16847.54252316036,195.94361008354005,98.27730534517762,-15.28117359413203,322.3226721149877,0
4baacb,32R,1737410242943,1737410432136,16847.54252316036,188.9071196137623,100.47820155656993,-61.576354679802954,319.5826121509004,0
4bb1c3,32R,1737385178948,1737385373972,16847.54252316036,194.76436407311763,101.02030405947275,-27.173913043478258,321.2381911455618,0
4bb206,32R,1737363739059,1737363939418,16847.54252316036,199.905044848071,93.46113317243599,-49.9001996007984,319.06233530232475,0
4bb292,32R,1737375422238,1737375630231,16847.54252316036,205.9660669205466,93.04528918516533,-10.473397570171764,322.96388970993394,0
4bc854,32R,1737368475440,1737368677846,16847.54252316036,204.62716694068814,97.90181121962104,-16.404199475065617,322.9354779487044,0
4bcced,32R,1737339701590,1737339900864,16847.54252316036,199.15052255604073,94.6507881196273,0.0,323.3077373486373,0
4ca27a,32R,1737368069494,1737368258900,16847.54252316036,191.05437013728087,106.27280209027194,-60.53268765133172,324.4661624267876,0
4ca27a,32L,1737394634688,1737394755862,10583.773565404412,124.29211010717847,101.29325934748198,0.0,322.5450481480234,0
4ca2ad,32L,1737400871546,1737400991991,10583.773565404412,124.99905540528269,87.34052357791468,0.0,322.4248392998311,0
4ca302,32L,1737375560048,1737375676676,10583.773565404412,120.89482882997396,87.95462987533185,0.0,322.70165787139774,0
4ca6fc,32R,1737371990305,1737372177038,16847.54252316036,186.50023771079907,102.97379225157952,0.0,321.7369128970072,0
4ca6fc,32R,1737385359374,1737385560220,16847.54252316036,200.53784475229477,98.09963968729501,-15.299877600979194,319.69867845628517,0
4ca6fc,32R,1737413755207,1737413944179,16847.54252316036,188.58483833755804,95.57451209842233,0.0,318.78408475591334,0
4ca763,32R,1737412742005,1737412933147,16847.54252316036,190.59695633120384,137.55951387295065,0.0,310.5716334804056,0
4ca7b7,32L,1737360550045,1737360669422,10583.773565404412,122.44890043114992,101.94016076208734,0.0,323.8855702113561,0
4ca806,32L,1737367964995,1737368078584,10583.773565404412,116.2379933085513,89.02097164772087,0.0,320.74589783219386,0
4ca806,32R,1737415585492,1737415763342,16847.54252316036,177.69009810876085,88.83339036275427,0.0,323.8729832841263,1
4ca80d,32R,1737384193178,1737384382129,16847.54252316036,189.53497642584213,103.33830903406738,-24.461839530332682,320.45675549353876,0
4ca8bd,32L,1737366818696,1737366952746,10583.773565404412,138.74146521697116,85.08613804690802,0.0,321.52451333722786,0
4ca8d9,32R,1737371116180,1737371306288,16847.54252316036,189.58114799189678,97.20820729579664,-24.461839530332682,325.0620747869021,0
4ca90a,32R,1737366235254,1737366429146,16847.54252316036,193.20385005889204,103.26760991551421,-22.28163992869875,321.84016173309277,0
4ca911,32R,1737333584987,1737333774645,16847.54252316036,189.91264656393798,111.09823039569805,0.0,317.03554154357533,0
4ca911,32R,1737380272376,1737380464570,16847.54252316036,192.2280834922286,97.13396145375152,-60.67961165048544,319.7426805260472,0
4ca911,32R,1737412512773,1737412692553,16847.54252316036,180.57689931353727,124.75198445685137,-24.366471734892787,322.6891740026303,0
4ca97a,32L,1737367055271,1737367180382,10583.773565404412,128.3723421659851,79.68455379381697,0.0,329.8699472022685,0
4ca9ea,32R,1737383151528,1737383335126,16847.54252316036,182.8806854711818,106.82024672002139,0.0,325.88521379278075,0
4caa57,32L,1737373836846,1737373956516,10583.773565404412,122.8269132738148,95.39315183734338,0.0,321.692499847302,0
4caa59,32R,1737400252455,1737400444885,16847.54252316036,192.66976279083786,88.8787025164449,0.0,326.1904361631117,0
4caa5c,32R,1737413384482,1737413583377,16847.54252316036,198.26484088806006,90.27097880362889,-22.502250225022504,320.73302918947036,0
4caa60,32R,1737375178353,1737375363384,16847.54252316036,184.6542754899687,92.35169814014404,0.0,323.49939437590547,0
4cac64,32R,1737382197943,1737382394413,16847.54252316036,196.63422590425523,84.24786918587031,0.0,323.06238463937234,0
4cadb9,32L,1737372925129,1737373044894,10583.773565404412,123.36471346795788,85.38520310860832,0.0,323.15826401109024,0
4cadb9,32R,1737396495003,1737396671197,16847.54252316036,176.7143559996883,112.70284429575295,-27.144408251900106,322.3811815324569,0
4cadb9,32R,1737412200793,1737412394156,16847.54252316036,193.15876632496244,89.0587707979155,-14.534883720930234,322.6260652706703,0
4cade9,32R,1737413333411,1737413522015,16847.54252316036,186.56730181864475,61.306696868453706,0.0,325.7342703602982,0
4cadf8,32L,1737401449488,1737401570391,10583.773565404412,123.26103697396094,105.16978270950814,0.0,318.37209691070683,0
4cae51,32R,1737373290975,1737373475091,16847.54252316036,184.63323518065633,104.50413099768103,-24.533856722276745,324.34927903701646,0
4cae51,32L,1737393246945,1737393367432,10583.773565404412,123.53321099473771,91.84441680944411,0.0,323.4542673956211,0
4cae51,32R,1737417106714,1737417292123,16847.54252316036,185.85556060296804,144.82476704816662,-82.23684210526316,324.02739907405675,1
4cae69,32R,1737370899769,1737371086593,16847.54252316036,187.4561573064291,85.3877310532367,0.0,302.44451852217946,0
4cae69,32L,1737389272958,1737389390107,10583.773565404412,120.70728340118376,94.59804021624271,0.0,324.82586217137924,0
4cae69,32R,1737411776956,1737411961721,16847.54252316036,184.88033111877417,78.9331835471219,0.0,319.74279560075263,0
4cae6d,32L,1737369329807,1737369454331,10583.773565404412,124.2866469026525,94.39503293858695,-17.45810055865922,311.2468245153217,0
4cae6d,32L,1737394869791,1737394976517,10583.773565404412,110.01907008012863,100.47217519382649,-49.21259842519685,317.04617813502165,0
4cae6d,32R,1737414325310,1737414508267,16847.54252316036,182.27063938090262,86.14985352353094,0.0,321.3183952423805,1
4cae92,32L,1737401590438,1737401712619,10583.773565404412,125.18013808139541,94.64076719138677,0.0,321.11736368885107,0
4d00c3,32R,1737397531906,1737397737962,16847.54252316036,204.98142071221977,110.50383477699037,-22.26179875333927,322.81762147118764,0
4d200c,32R,1737405257800,1737405458449,16847.54252316036,200.24527179031455,96.03763327768792,0.0,321.67974224679284,0
4d21f0,32L,1737372272152,1737372405079,10583.773565404412,136.44328570051013,87.04382978186196,0.0,322.02742324270844,0
4d21f0,32R,1737397986340,1737398163868,16847.54252316036,177.93073928876998,113.87508887217135,-44.48398576512455,322.6891365045789,0
4d21fe,32R,1737361780074,1737361968686,16847.54252316036,188.4197748073015,93.59850165295198,0.0,322.6887524400699,0
4d2213,32R,1737357703090,1737357888261,16847.54252316036,187.0498548931129,97.25892110704324,0.0,292.86944230262014,0
4d2214,32L,1737398938001,1737399062035,10583.773565404412,127.04090214597896,90.4877500686265,-26.93965517241379,322.00015361911585,0
4d2235,32R,1737401391330,1737401580103,16847.54252316036,188.3938934128658,112.84498731042626,0.0,321.87501007845145,0
4d2250,32R,1737404771331,1737404970676,16847.54252316036,199.33282978263676,95.03356272311537,0.0,323.15215506936255,0
4d2256,32L,1737357406047,1737357518971,10583.773565404412,120.43210198314777,95.54917831687015,-40.91653027823241,321.69257559710366,0
4d2274,32R,1737363389196,1737363573101,16847.54252316036,183.79065108690486,94.75523817003149,-24.4140625,323.1520791519808,0
4d227b,32R,1737360912284,1737361093602,16847.54252316036,180.77130004302592,114.56835175946179,-16.33986928104575,322.87543717538296,0
4d227b,32L,1737383388139,1737383505137,10583.773565404412,124.73651483987994,87.09448537339051,0.0,323.88558906230367,0
4d227b,32R,1737405439294,1737405630643,16847.54252316036,191.16856749413517,105.41101975995237,0.0,318.7036670823213,0
4d228a,32L,1737377469990,1737377592724,10583.773565404412,127.0249765221404,86.32552993722236,-24.461839530332682,320.75798114739274,0
4d22af,32R,1737404423203,1737404625039,16847.54252316036,202.66388264571412,98.50700358945994,-18.61850679575498,322.41910871008224,0
4d22b2,32R,1737360399245,1737360585838,16847.54252316036,186.8861517195034,115.22738524355616,-27.085590465872155,324.53068877179805,0
4d22b7,32R,1737352641694,1737352855797,16847.54252316036,212.8067802637192,82.59428299546853,0.0,323.35055846833166,0
4d22ca,32R,1737392954059,1737393144001,16847.54252316036,189.4942067889453,103.72744707414391,0.0,322.5323246345292,0
4d2303,32R,1737396135745,1737396333905,16847.54252316036,198.14779041228533,97.32606444126506,-24.727992087042534,320.8920476123279,0
4d2332,32L,1737361475123,1737361598519,10583.773565404412,129.55230064472477,125.09829393072472,0.0,322.5451054887266,0
4d2332,32L,1737376560873,1737376688733,10583.773565404412,131.61124856611568,89.53550849554082,-15.290519877675841,323.1042559942166,0
4d2332,32L,1737391974283,1737392104203,10583.773565404412,133.49915017561705,101.09690290836735,0.0,322.5450863749952,0
4d2332,32L,1737406825088,1737406955918,10583.773565404412,134.61897677832488,104.23667225055121,0.0,324.05631583067293,0
4d234c,32R,1737383560644,1737383739422,16847.54252316036,179.03924786029515,106.36789212419541,-49.115913555992144,319.1919619052143,0
4d234c,32R,1737415835171,1737416016856,16847.54252316036,181.7703330281542,110.36600294170074,-24.703557312252965,321.84435206894284,1
4d2369,32R,1737364827471,1737365011621,16847.54252316036,184.6262244951658,98.63394487669277,-32.786885245901644,321.4751654381492,0
4d242e,32R,1737358123558,1737358314934,16847.54252316036,191.15562109136408,104.16161997294253,0.0,324.2912334938301,0
4d244c,32L,1737403800950,1737403929929,10583.773565404412,126.46272272130658,96.40815839045966,0.0,323.2056339814193,0
4d2468,32L,1737377862842,1737377997765,10583.773565404412,139.60934982177082,73.85773119725478,0.0,320.9048970070966,0
4d247c,32L,1737386852163,1737386989016,10583.773565404412,146.04486220667633,100.94805999291367,0.0,320.0867003986473,0
4d24ba,32R,1737399781083,1737399992222,16847.54252316036,211.4867369330582,98.8252585519505,0.0,319.41063885002177,0
4d24c6,32R,1737358227371,1737358428638,16847.54252316036,201.22729220144095,105.55544472378061,0.0,321.9952119954701,0
4d2526,32R,1737390436599,1737390647864,16847.54252316036,210.7027756225509,93.91363745292196,-7.642922653622746,322.68904520839124,0
4d2527,32R,1737404253079,1737404465067,16847.54252316036,211.0930208501292,86.80878693357386,-35.21126760563381,324.83120308599183,0
4d2532,32R,1737396844464,1737397056074,16847.54252316036,210.4621895630876,113.15222932523317,-60.97560975609756,323.2738743735692,0
503eb3,32R,1737392700180,1737392900228,16847.54252316036,201.6571226306596,75.73168291147759,0.0,324.71177538031975,0
738068,32R,1737406621655,1737406807073,16847.54252316036,185.63753697776892,102.79646510678667,0.0,321.99386763043,0
738069,32R,1737366102853,1737366291819,16847.54252316036,189.0885350117887,107.01089001829047,-48.923679060665364,318.5393648936952,0
740744,32R,1737377007876,1737377199791,16847.54252316036,193.24149129912152,108.42234834102814,0.0,325.5388028516883,0
780bb7,32L,1737398602382,1737398727302,10583.773565404412,129.3695718618538,80.77050194688124,0.0,320.9049160605519,0
781008,32R,1737351011495,1737351205095,16847.54252316036,194.72862639329642,113.51106471715052,0.0,301.06956153024186,0
781134,32R,1737355142368,1737355352273,16847.54252316036,208.04134307356114,101.11426198874584,-48.44961240310077,322.53224825462945,0
781161,32R,1737410516661,1737410713165,16847.54252316036,198.1702823001285,96.67356840942342,0.0,321.6797990036868,0
781684,32R,1737351604183,1737351807911,16847.54252316036,203.72892242565715,123.03613978040876,0.0,303.11976976977957,0
781fc4,32R,1737406868892,1737407063783,16847.54252316036,194.97194950095562,110.33457266594357,-18.85369532428356,321.5456380899897,0
896197,32R,1737371594998,1737371805300,16847.54252316036,210.89274982562605,82.25521779906872,0.0,313.82370781780196,0
896442,32L,1737402644446,1737402768790,10583.773565404412,127.18148056809507,94.93439174062995,0.0,321.7249035097775,0
8964bb,32R,1737354174969,1737354368427,16847.54252316036,193.667844229575,115.32467506847794,-60.09615384615385,318.58055392291,0
a48fbe,32R,1737344023186,1737344209939,16847.54252316036,186.53138142393797,123.04991377605378,0.0,317.8563725720909,0
a7a08a,32L,1737362395041,1737362519794,10583.773565404412,127.72907185485553,94.53870263609778,0.0,321.7423783697363,0
a8091e,32L,1737361366636,1737361506932,10583.773565404412,144.65860790433527,91.00171785318156,0.0,320.4135149732066,0
a89621,32L,1737399156284,1737399277009,10583.773565404412,128.97581059137482,100.00613260945737,0.0,320.9763690466984,0
a8b426,32L,1737377354835,1737377502036,10583.773565404412,146.14263119679657,85.97368533977364,0.0,327.18657714847984,0
a9fa04,32R,1737341927192,1737342126923,16847.54252316036,198.2479509382575,86.10095819885679,0.0,325.03034396863615,0
aa253b,32R,1737346347796,1737346547104,16847.54252316036,200.61795477943767,103.6244142024784,0.0,322.5324649759371,0
aa8315,32L,1737359588222,1737359723442,10583.773565404412,133.54911638284554,110.59458223528193,0.0,320.7459231453237,0
aa9bbf,32L,1737377134310,1737377250955,10583.773565404412,121.27392110878952,96.88011748476457,0.0,319.75570976085857,0
aa9f76,32R,1737349128378,1737349331894,16847.54252316036,204.83923752023932,115.45842338823256,0.0,323.53551990113624,0
aaa326,32R,1737347807659,1737348014181,16847.54252316036,206.17904674136875,110.44472076664516,0.0,325.8853401985448,0
aaa32d,32L,1737359222600,1737359345345,10583.773565404412,126.95584881346403,77.41179264515279,0.0,321.8162690822735,0
aaae4b,32L,1737367822962,1737367944688,10583.773565404412,124.6279751064562,95.07414522496579,0.0,324.6670060119702,0
ab60e3,32L,1737364732335,1737364849406,10583.773565404412,119.69494020100898,92.82019260125924,0.0,321.84248817376607,0
ac308f,32L,1737372164851,1737372293102,10583.773565404412,133.19394421534497,89.7400500222635,0.0,325.89763105619147,0
e07211,32L,1737383258529,1737383381121,10583.773565404412,130.59668003891693,95.23738575063096,0.0,321.6926134719554,0
e49849,32L,1737355500248,1737355630862,10583.773565404412,134.94431007854845,70.03056181464162,0.0,323.1714726762778,0
e8026c,32L,1737382877344,1737383001001,10583.773565404412,127.33363646787916,86.2743504375244,0.0,318.33325046972135,0
e8040e,32L,1737358805172,1737358932136,10583.773565404412,131.98596053009828,91.15295019887039,0.0,322.211130759414,0
e80445,32L,1737375885321,1737376000651,10583.773565404412,122.80945961706047,90.84524245715555,0.0,325.8976129800678,0
e80450,32L,1737380018373,1737380137329,10583.773565404412,117.63430560848477,108.04894498956844,0.0,320.90492845587414,0
e94c8e,32L,1737371961742,1737372083530,10583.773565404412,128.9226035218282,92.94497498074216,0.0,321.9802251824965,0
