icao24,runway_fap,ts_fap,ts_thr,distance_fap_to_thr,delta_time_fap_to_thr,speed_fap,vertical_speed_fap,heading_fap,weekday
010244,32R,1739448910046,1739449125150,16847.54252316036,212.05203779199022,123.96677545093596,-60.53268765133172,322.68890242949135,3
018047,32R,1739450455636,1739450676469,16847.54252316036,220.58360605829162,90.77126836909221,-16.297262059973924,323.53537119376574,3
02010d,32L,1739449236559,1739449376699,10583.773565404412,143.80015155662002,108.33084997036579,0.0,320.8160776476335,3
020113,32L,1739443288749,1739443423919,10583.773565404412,138.75965032636185,115.69746608242225,0.0,322.60111771207795,3
02019b,32L,1739465535773,1739465649744,10583.773565404412,122.12891504265795,90.15864809525577,-14.084507042253522,322.8248665980461,3
02a043,32R,1739477298885,1739477508445,16847.54252316036,209.9293526219904,86.18931585242795,0.0,324.39416197841473,3
040143,32R,1739428321379,1739428516914,16847.54252316036,198.43400715974948,94.2756292745224,-17.84439685938615,324.0276151470415,3
06a138,32R,1739450199578,1739450402597,16847.54252316036,200.0962242629079,97.83996371061559,0.0,323.7286418024178,3
06a1e9,32R,1739471079584,1739471273744,16847.54252316036,192.2922052736206,100.42395733543928,0.0,318.9377157958469,3
06a2de,32R,1739460923455,1739461122284,16847.54252316036,196.56008058106488,99.49701849434734,0.0,323.30777461488987,3
06a2e6,32R,1739471837954,1739472035667,16847.54252316036,197.19475445830545,100.71484524602494,-23.674242424242422,324.53068877179805,3
0a0026,32R,1739457062353,1739457271776,16847.54252316036,210.24002309453883,101.25419319455433,-11.590171534538712,323.08343886907176,3
0d09d0,32R,1739421358354,1739421551085,16847.54252316036,192.97956930112048,92.11006495465205,0.0,325.7344911900354,3
0d0a9a,32R,1739417341248,1739417545217,16847.54252316036,202.19424280742973,96.85011853034716,-49.70178926441352,318.05614703741844,3
0d0a9b,32L,1739442485084,1739442606826,10583.773565404412,129.30814992894548,78.642116589961,-53.30490405117271,325.8976491298757,3
300447,32R,1739478485498,1739478713798,16847.54252316036,237.16529453845337,97.7180528472592,0.0,321.52197303858065,3
34134d,32R,1739436922893,1739437124181,16847.54252316036,198.70790426961725,83.30662304114266,-40.84967320261438,323.16797419851883,3
34134d,32R,1739459881996,1739460072850,16847.54252316036,190.29509557021782,106.00957705808595,0.0,318.3591128822915,3
34134d,32R,1739482939154,1739483141734,16847.54252316036,202.61217001490894,98.32700252587202,-61.42506142506143,319.74285313915004,3
3415ce,32R,1739456199238,1739456392950,16847.54252316036,193.2294652199412,108.07420793574374,-24.6791707798618,322.186035945304,3
3415ce,32R,1739480367406,1739480575594,16847.54252316036,206.0500599310765,101.70572933300589,-48.732943469785575,322.53213368562035,3
3415cf,32R,1739438011133,1739438208532,16847.54252316036,198.51989508901838,105.8691029433076,-15.460729746444033,321.829953818268,3
3415cf,32L,1739453302776,1739453428403,10583.773565404412,124.54239177000542,102.61579567685177,0.0,321.742378369855,3
3415cf,32R,1739474422114,1739474622566,16847.54252316036,199.41241296888845,102.10376872976425,0.0,322.5321527801489,3
341646,32R,1739415638993,1739415837544,16847.54252316036,198.0219846465358,159.76454614544866,0.0,327.7537483755652,3
341646,32R,1739453817250,1739454010154,16847.54252316036,192.64688834475368,106.78200459819512,-25.100401606425702,324.53068877179805,3
341682,32L,1739454171416,1739454294919,10583.773565404412,122.48354303222098,142.39169190549865,0.0,321.69251878438814,3
341682,32L,1739474726737,1739474856795,10583.773565404412,134.1439283620811,88.16597912892733,0.0,322.99741913519557,3
342059,32R,1739450337074,1739450551068,16847.54252316036,213.79838446667486,81.98651790549253,0.0,324.0273436108915,3
342091,32L,1739437545705,1739437679956,10583.773565404412,138.03598357973496,107.66388540280946,-48.923679060665364,320.632350472259,3
342091,32R,1739457713905,1739457916902,16847.54252316036,203.14377010392644,97.0488326314469,-40.91653027823241,321.64767039474685,3
342091,32L,1739474292055,1739474421193,10583.773565404412,137.45694226479955,69.38864652669707,0.0,326.4050147385852,3
3420ca,32R,1739452104014,1739452300877,16847.54252316036,193.4533113435121,106.5140896855357,-26.93965517241379,322.83291207866955,3
3420ca,32L,1739475810543,1739475935887,10583.773565404412,128.5548742513466,90.53809544727159,-24.58210422812193,323.05671239797505,3
3420cb,32L,1739438057880,1739438183841,10583.773565404412,129.2841662086511,100.51411812126385,0.0,324.4572447731973,3
3420cb,32R,1739470106399,1739470314029,16847.54252316036,208.16851117630492,98.00582364160991,0.0,319.7431274440483,3
3420cc,32L,1739437826238,1739437950955,10583.773565404412,131.6403161687501,97.60419313795677,0.0,322.335396272488,3
3420cc,32L,1739453880903,1739454012613,10583.773565404412,136.18656340453768,84.19353819286628,-41.11842105263158,322.70154526839553,3
3420cc,32L,1739468747744,1739468884316,10583.773565404412,136.2143782787328,103.57580377798038,0.0,324.03997659520525,3
342104,32L,1739454724392,1739454833794,10583.773565404412,115.94330632868956,103.13535309984088,-40.51863857374392,324.4348894611278,3
342104,32L,1739482321019,1739482457367,10583.773565404412,137.55612992355103,89.34463908528603,0.0,321.46312749345884,3
342105,32L,1739454880204,1739454995951,10583.773565404412,122.88794278593659,95.7174102185545,0.0,322.5451054887266,3
342188,32L,1739438945260,1739439078196,10583.773565404412,132.77869438930807,98.14539041142473,0.0,326.6242361459288,3
342188,32L,1739452466852,1739452600975,10583.773565404412,139.1890554302553,75.73458596346059,0.0,321.84260357979866,3
342211,32R,1739433706222,1739433913341,16847.54252316036,206.16603927023576,107.83874026890423,0.0,323.8728891153645,3
342211,32R,1739474137637,1739474339886,16847.54252316036,202.07484335878885,87.87766179816208,0.0,324.0274360480084,3
34224e,32R,1739435843918,1739436048443,16847.54252316036,204.9566050934837,91.28757140447466,0.0,320.98804828983134,3
34224e,32R,1739463670182,1739463868013,16847.54252316036,200.27330424489867,103.87668544439978,0.0,317.3106869865978,3
3423c3,32R,1739453936121,1739454132627,16847.54252316036,196.47251536529495,117.79817734913883,0.0,328.10931532786947,3
3423c3,32R,1739478007404,1739478205431,16847.54252316036,199.5735473782558,117.48682293259104,-60.97560975609756,318.7840259492333,3
3423c4,32L,1739432023517,1739432156648,10583.773565404412,138.26206026277262,95.10290693072984,0.0,324.7121852030062,3
3423c4,32R,1739467798156,1739467994545,16847.54252316036,196.45037850631604,103.13910343047546,0.0,323.70555982027645,3
34250a,32R,1739438110383,1739438309629,16847.54252316036,199.65922152299368,95.96934006174523,0.0,319.7426421686978,3
34250a,32R,1739453371698,1739453570261,16847.54252316036,199.03247075711988,104.30189178001564,-18.726591760299627,323.5354269589398,3
34250a,32R,1739475360985,1739475555896,16847.54252316036,194.5317310623719,110.90610234772323,0.0,319.45460232867833,3
34260e,32R,1739452642939,1739452834934,16847.54252316036,188.10938850481148,114.6713860208712,0.0,324.9712571239192,3
34260e,32L,1739482126660,1739482272223,10583.773565404412,151.44995254248772,70.94107040720327,-48.543689320388346,318.26253772435746,3
343141,32R,1739434423650,1739434621470,16847.54252316036,197.9756922932326,112.59249246890876,-17.50700280112045,322.32248398136323,3
343141,32L,1739480066586,1739480191381,10583.773565404412,132.87955862996006,108.34225185847778,-60.38647342995169,323.88553250718456,3
34324e,32L,1739438558277,1739438691157,10583.773565404412,136.62348549339592,88.45967459528798,-16.307893020221787,323.2224832868719,3
34324e,32L,1739452557241,1739452689478,10583.773565404412,136.0802437597545,81.2717893691519,0.0,321.86829325519443,3
34324e,32R,1739482608317,1739482802809,16847.54252316036,200.64605145658763,104.46041912657238,-22.251891410769918,322.4840857319178,3
34324f,32R,1739437576762,1739437800243,16847.54252316036,222.2605039781938,83.14425004256894,0.0,323.1520981314727,3
34324f,32R,1739453248204,1739453451628,16847.54252316036,205.40351051233526,96.66860149755307,0.0,319.5826121509004,3
34324f,32L,1739467441932,1739467578486,10583.773565404412,139.8115931325735,85.23876124946776,-16.33986928104575,322.54509633646404,3
34324f,32R,1739481036513,1739481263268,16847.54252316036,222.89325407924923,99.30551223516805,-24.461839530332682,324.6923779990809,3
343385,32L,1739438151553,1739438277657,10583.773565404412,130.70622423767716,92.80997896625067,-23.58490566037736,320.9049980132587,3
343385,32L,1739458920266,1739459046538,10583.773565404412,129.1816336267693,92.52077375112393,-27.085590465872155,320.42857022254947,3
343385,32L,1739483009982,1739483138473,10583.773565404412,135.9188296815511,91.84448339631413,0.0,321.5159720822819,3
343650,32R,1739442300765,1739442509462,16847.54252316036,209.0869519227155,89.028168826766,0.0,322.09570086737625,3
343650,32R,1739454154375,1739454362908,16847.54252316036,208.07389883334383,122.15833518320407,0.0,324.42232612479313,3
343650,32R,1739470768640,1739470967866,16847.54252316036,199.5695900857487,103.1617504444087,-18.89644746787604,316.10526947517343,3
34368c,32R,1739426185324,1739426394786,16847.54252316036,209.44776223602895,78.76012454738806,0.0,324.0271743374175,3
34368c,32R,1739438608458,1739438816170,16847.54252316036,207.76371129686746,103.98892950354077,0.0,323.8820425557234,3
34368c,32R,1739456874761,1739457070049,16847.54252316036,193.93951189205472,106.90201134406239,0.0,318.94497903083874,3
343694,32L,1739452363233,1739452500423,10583.773565404412,142.3206067563318,76.55147061386607,0.0,316.6843096862211,3
343694,32R,1739469357901,1739469553554,16847.54252316036,196.0059955740227,97.67753453303646,0.0,321.1370361323743,3
343694,32L,1739481324434,1739481460064,10583.773565404412,139.62092528242204,88.89975777960926,-27.173913043478258,322.8882039766292,3
344195,32R,1739451949534,1739452165123,16847.54252316036,215.3228304967982,98.79496679820629,-27.085590465872155,321.3964913374314,3
344197,32R,1739429100694,1739429316286,16847.54252316036,214.88469274532116,98.0565372973932,-22.95684113865932,322.578883792984,3
344197,32R,1739454041874,1739454252465,16847.54252316036,209.0239453811796,109.11008076343586,-52.41090146750524,322.09583446550516,3
344197,32R,1739471264086,1739471466946,16847.54252316036,202.93487254796753,113.31401495353407,-24.630541871921185,319.9172044401524,3
344197,32R,1739483277586,1739483494198,16847.54252316036,216.62675696508475,112.72385564075775,0.0,321.6796476526663,3
344217,32L,1739448551296,1739448672193,10583.773565404412,123.82743561552537,111.02413440723049,-73.74631268436578,322.04800000951593,3
344297,32R,1739449759742,1739449953981,16847.54252316036,192.9366785533132,104.64780714644343,0.0,323.3048453346821,3
344297,32R,1739476973267,1739477155677,16847.54252316036,182.25806535977108,121.40531838082283,-24.390243902439025,321.6384538959884,3
3442c9,32L,1739461915176,1739462058421,10583.773565404412,149.60136878979677,71.59872759928331,0.0,322.0777521128791,3
344345,32L,1739439771050,1739439895199,10583.773565404412,132.24722219384572,90.10896199310515,0.0,325.74673460081254,3
344346,32R,1739446887766,1739447087866,16847.54252316036,199.51477001647032,115.77915374924564,0.0,321.5217418628744,3
3443d4,32R,1739464021362,1739464221216,16847.54252316036,199.5085496979083,104.3316699292684,0.0,319.5707391256371,3
344416,32L,1739437709975,1739437830082,10583.773565404412,123.94376813539583,100.11000354797574,0.0,322.70191389375213,3
344416,32L,1739466824893,1739466943727,10583.773565404412,127.15557849558044,103.66573051348541,-17.325017325017324,345.67490484084243,3
344416,32R,1739482264245,1739482458689,16847.54252316036,194.61724586260593,114.01285448307553,-49.115913555992144,321.9910886135367,3
344417,32R,1739430292553,1739430505416,16847.54252316036,212.4074010150753,87.06412217212102,0.0,321.6281502805286,3
344417,32L,1739455686821,1739455805021,10583.773565404412,120.88686628708119,121.74363195491597,0.0,324.58844089553946,3
344417,32R,1739480910401,1739481119922,16847.54252316036,210.1243037343868,99.53084755553718,-61.12469437652812,319.9132109754658,3
344449,32R,1739482358207,1739482564520,16847.54252316036,206.3604383432194,94.63637386550192,0.0,322.68890242949135,3
34444b,32L,1739428275194,1739428419880,10583.773565404412,143.08873935061675,86.39786349019872,0.0,324.04008470419575,3
34444b,32R,1739442754449,1739442963627,16847.54252316036,207.5658504411767,101.45188274461303,0.0,318.5393648934499,3
34444b,32R,1739482843610,1739483052871,16847.54252316036,206.0764948163722,96.24230035783283,-15.375153751537516,321.31961743877696,3
344455,32L,1739439054261,1739439178641,10583.773565404412,130.54957667639977,93.4615865340011,-24.084778420038536,323.1648774296598,3
344455,32R,1739453707105,1739453904410,16847.54252316036,196.95822512515144,106.60047321892517,-12.15953307392996,322.15134798327944,3
344455,32L,1739481562580,1739481682979,10583.773565404412,124.15319222452862,121.46603769684867,0.0,320.0781378645524,3
344459,32R,1739432956379,1739433144465,16847.54252316036,187.98901019045312,104.64031842266427,-18.7125748502994,323.52430232606986,3
344459,32R,1739450029574,1739450226886,16847.54252316036,196.4552405999154,97.84635229510033,-61.12469437652812,319.74273806261544,3
344459,32L,1739467294680,1739467415533,10583.773565404412,129.1578000754969,89.77016818089606,-12.813941568426447,321.69287133215937,3
344487,32R,1739443727845,1739443909688,16847.54252316036,181.26501400988113,118.93720625363463,0.0,318.78406515431413,3
344487,32R,1739458567893,1739458744925,16847.54252316036,178.55047846407285,114.82373871432337,0.0,324.57601768470397,3
344498,32L,1739471809875,1739471938015,10583.773565404412,131.62295924511955,104.21662763992565,0.0,325.1615745957831,3
3444c3,32L,1739449043053,1739449165540,10583.773565404412,131.6141596597439,91.47391148068937,0.0,323.42169445584074,3
3444c3,32R,1739479521995,1739479716570,16847.54252316036,194.65790270406845,117.48647085606467,0.0,318.7842219720857,3
3444c4,32L,1739431492036,1739431617653,10583.773565404412,133.64699573787942,90.69291116729427,0.0,321.9408623095259,3
3444cf,32L,1739432911530,1739433040150,10583.773565404412,133.0785888505029,86.74750921992617,0.0,321.40918341835425,3
344502,32R,1739418904089,1739419111068,16847.54252316036,206.04103961125952,89.74307557241663,0.0,323.2058406892166,3
344503,32L,1739461062012,1739461199038,10583.773565404412,135.83954191717976,87.77108491014216,0.0,323.35009844010756,3
344545,32R,1739482005048,1739482297112,16847.54252316036,291.04231788683234,91.66094813157522,-60.97560975609756,325.73430716489986,3
3445d4,32R,1739453598033,1739453794283,16847.54252316036,194.8563022178033,119.32757526669603,-47.43833017077799,327.681834202322,3
3445d4,32R,1739481596460,1739481793174,16847.54252316036,196.6285371660867,113.82232077416609,0.0,321.6797800841207,3
344647,32R,1739485587033,1739485836611,16847.54252316036,248.76938956646705,107.87774852431362,-27.35229759299781,326.4967252370591,3
344648,32R,1739428588857,1739428789336,16847.54252316036,200.33672042546326,93.57402149357364,0.0,321.9109572743346,3
344648,32R,1739450608792,1739450809500,16847.54252316036,200.2184400559236,100.33640871708577,-48.07692307692307,322.53228644475956,3
344648,32L,1739469379783,1739469507115,10583.773565404412,132.51253756413772,101.88672246225849,-24.4140625,322.5452076991329,3
345082,32R,1739417496261,1739417701753,16847.54252316036,205.10202501712038,95.52526386272731,0.0,318.1979340499872,3
345116,32R,1739478917038,1739479123804,16847.54252316036,205.3105848265759,124.26760370252245,-60.67961165048544,322.6889399274164,3
3451d8,32R,1739410355867,1739410578381,16847.54252316036,221.4452317804505,91.53484038228505,0.0,325.88529165264544,3
3451d8,32L,1739440189344,1739440322242,10583.773565404412,136.2229777783695,82.39874143470705,0.0,314.39228610750274,3
3451d8,32R,1739452983154,1739453193581,16847.54252316036,208.8407488048732,103.6556917058629,0.0,322.92547707495316,3
3451d8,32L,1739483129949,1739483264584,10583.773565404412,137.4740855664278,98.25262981204544,0.0,322.70162033687575,3
3451d9,32R,1739438440265,1739438646633,16847.54252316036,205.99543237562202,114.44372977435809,0.0,321.5214336349577,3
3451d9,32L,1739452948525,1739453075537,10583.773565404412,135.8565111111251,88.48527283969841,26.343519494204426,322.00024805986186,3
3451da,32L,1739432470973,1739432598285,10583.773565404412,135.58038966547318,89.74006919125343,0.0,325.8976129809919,3
3451da,32R,1739452512120,1739452723658,16847.54252316036,213.08491313355393,85.59393155534846,0.0,322.17545122727427,3
3451da,32L,1739467774175,1739467909070,10583.773565404412,138.67041483627347,106.54534063042297,0.0,320.7696541613878,3
3451da,32L,1739482586522,1739482723481,10583.773565404412,142.54110966771574,82.7291236113168,0.0,322.1086092138879,3
345205,32R,1739433366443,1739433570054,16847.54252316036,203.74297902738866,79.53305393800825,-41.254125412541256,328.044866299858,3
34520a,32R,1739454704483,1739454908973,16847.54252316036,204.8007179110442,94.46986935011417,0.0,322.15125128398597,3
34520b,32R,1739424482206,1739424675914,16847.54252316036,202.0552820722881,82.82394472742448,0.0,321.679742247008,3
34520c,32R,1739425272118,1739425494548,16847.54252316036,221.8981098849898,76.49268668991967,0.0,321.82962684276663,3
34520f,32R,1739420874220,1739421076574,16847.54252316036,203.8180514646269,147.08479387931445,0.0,323.8729832841263,3
345215,32R,1739448701980,1739448902034,16847.54252316036,200.96407168947323,103.12833740968993,-13.319126265316996,322.08046059262364,3
345215,32R,1739478125436,1739478320166,16847.54252316036,194.8682101530074,113.40957921982793,0.0,322.2342991146115,3
345218,32R,1739446996097,1739447200336,16847.54252316036,204.42754651517944,81.33887720234057,0.0,320.73302256764214,3
345218,32L,1739481009911,1739481134192,10583.773565404412,132.40038548813712,77.60150646248864,0.0,323.8855702113561,3
345250,32L,1739427266196,1739427408620,10583.773565404412,146.0554893599712,63.154933701601536,0.0,322.54506394042437,3
345250,32R,1739451381535,1739451588052,16847.54252316036,206.10658309771702,98.1323672319417,-24.461839530332682,320.7328741526687,3
345251,32L,1739447257787,1739447386877,10583.773565404412,133.0313790302679,77.05263073032985,0.0,317.61103334454015,3
3452c8,32L,1739432696127,1739432831727,10583.773565404412,139.45409449659968,96.61825772976596,0.0,314.39287297676435,3
3452c8,32R,1739452210299,1739452432228,16847.54252316036,221.732559267964,75.96591590123276,0.0,318.94482494422004,3
34530e,32L,1739437183404,1739437308525,10583.773565404412,133.5048900919022,101.1950117631659,0.0,322.5451694712443,3
34530e,32L,1739456344912,1739456481893,10583.773565404412,136.0673273984571,92.21998907175579,0.0,321.8425458767272,3
34530e,32L,1739468602080,1739468728471,10583.773565404412,134.12526026354936,89.95911074212749,-40.65040650406504,325.89749888726885,3
345318,32L,1739437378968,1739437503661,10583.773565404412,132.46750652857077,100.77832949723897,0.0,325.69300265831845,3
345385,32R,1739441791443,1739441999075,16847.54252316036,205.771114279657,94.69726426749936,0.0,318.56849499088526,3
345385,32L,1739454059529,1739454184453,10583.773565404412,132.90595540396825,97.35158118930694,0.0,319.7556905618804,3
345385,32L,1739468441353,1739468573136,10583.773565404412,134.86403637913415,87.86237164079955,0.0,323.88554877746304,3
345385,32L,1739481695223,1739481825011,10583.773565404412,138.02759494258044,83.1145617198944,0.0,321.2509406107583,3
34538e,32L,1739448197226,1739448326578,10583.773565404412,133.25948863090247,95.62258770582041,0.0,323.13825195968695,3
34538e,32L,1739465659656,1739465785469,10583.773565404412,130.4779571018153,98.77348556314337,0.0,320.90497322303514,3
34538e,32L,1739479249621,1739479382095,10583.773565404412,136.7849302305486,87.44020825763279,-15.356265356265357,321.8741881911514,3
3453c1,32R,1739446545164,1739446725070,16847.54252316036,182.99488570639565,98.25654194971519,0.0,309.743316560218,3
3453cc,32L,1739465971163,1739466093162,10583.773565404412,129.25181973683343,104.67740241997335,0.0,321.226697344641,3
345583,32R,1739468130856,1739468316749,16847.54252316036,185.96256295331523,136.9567779280968,-48.26254826254826,323.38029313353815,3
345583,32R,1739481365507,1739481565142,16847.54252316036,199.37162745271957,86.6117579528439,0.0,319.5826316740433,3
34558e,32R,1739487748701,1739487959629,16847.54252316036,209.65193290669723,111.35240315505011,0.0,324.90946996706043,4
34558f,32L,1739442747268,1739442871497,10583.773565404412,132.17425067950361,90.81871165574633,-39.0625,332.94562039136713,3
3455d5,32L,1739450857900,1739450992480,10583.773565404412,138.42385583601995,84.33801526266636,0.0,315.38141961912896,3
345615,32R,1739427421852,1739427629775,16847.54252316036,207.93694514791196,97.88904477150689,-60.97560975609756,309.35561243336815,3
345615,32R,1739452370815,1739452568831,16847.54252316036,197.3155072602603,97.88998142240462,0.0,323.06432081158744,3
345615,32R,1739469617871,1739469829327,16847.54252316036,210.59544298828646,112.25082000022309,0.0,316.46018477781763,3
345615,32R,1739482697843,1739482907653,16847.54252316036,209.17274033536177,85.99549629471692,0.0,321.67966657160844,3
345685,32R,1739435250783,1739435459985,16847.54252316036,208.82160959885536,101.42216061190612,0.0,322.07764355370716,3
345685,32R,1739453492492,1739453674939,16847.54252316036,181.83993642658442,117.29787810996855,-24.271844660194173,323.1765980342203,3
345685,32L,1739468237336,1739468349972,10583.773565404412,115.76888928221935,99.30395287971092,0.0,321.84050922074283,3
345685,32L,1739482223934,1739482370831,10583.773565404412,145.5798724041379,62.942029188029935,0.0,320.90497322303514,3
345687,32R,1739443575070,1739443782129,16847.54252316036,208.86118693549335,94.257248693745,-12.195121951219512,320.9764152095202,3
345687,32L,1739456505665,1739456632983,10583.773565404412,132.20513645185622,90.95874403120226,0.0,321.43798185837704,3
345687,32R,1739474884913,1739475092237,16847.54252316036,206.9372326719091,102.84748849144013,-49.21259842519685,322.42997021718224,3
345688,32R,1739437140421,1739437331036,16847.54252316036,190.91220411408696,123.81644556817163,-46.29629629629629,320.7327642536902,3
345688,32L,1739453715519,1739453840188,10583.773565404412,133.22549309173056,86.00139731961782,0.0,320.6519162134774,3
345688,32R,1739477154136,1739477363867,16847.54252316036,208.62973959492075,89.13371861452441,0.0,321.05173704932304,3
345691,32R,1739463515477,1739463706071,16847.54252316036,190.39687228674404,117.32439663666422,-18.072289156626503,319.9174466238299,3
345691,32R,1739480710775,1739480912759,16847.54252316036,203.8462800537255,94.0806564538308,0.0,323.38016178718715,3
345698,32L,1739428888675,1739429021421,10583.773565404412,141.67955994987457,78.11937775185784,0.0,325.74677143898714,3
345698,32R,1739479794357,1739480007199,16847.54252316036,212.0437410673876,115.16957092643841,0.0,321.6796287335367,3
346045,32L,1739449580028,1739449699863,10583.773565404412,126.84363462774135,99.03825365935306,0.0,319.75576735567637,3
34604b,32R,1739443813537,1739444028809,16847.54252316036,214.0335356295554,99.31106231024293,0.0,320.18763710105395,3
34604b,32R,1739473058585,1739473276653,16847.54252316036,217.11925684603167,123.48860564712369,0.0,319.2063217746758,3
34604c,32R,1739430859525,1739431077830,16847.54252316036,216.6249579257297,78.38613058679132,0.0,326.3724534134441,3
34604c,32L,1739476803478,1739476938595,10583.773565404412,144.88032148568763,107.23980712117647,0.0,332.94562039136713,3
34604d,32L,1739434027352,1739434153181,10583.773565404412,129.45869298159027,93.85889137677023,0.0,324.8883296133532,3
34604d,32L,1739475914568,1739476038073,10583.773565404412,128.14075566655666,80.44616543351403,0.0,319.59571828419826,3
34604e,32L,1739435831901,1739435968333,10583.773565404412,139.63014298797378,77.44476622795325,0.0,318.9580446696249,3
346057,32L,1739440049754,1739440181503,10583.773565404412,135.65606202919594,90.94036454153778,0.0,322.49774303773006,3
346082,32R,1739476497898,1739476680357,16847.54252316036,181.9216434271688,121.88977247413509,-49.115913555992144,324.164083431089,3
346083,32L,1739478123800,1739478258803,10583.773565404412,138.03815066996245,74.42183572914328,0.0,320.72293786863287,3
346146,32R,1739420181534,1739420394825,16847.54252316036,215.89878875064403,113.39331218617828,0.0,0.0,3
346147,32R,1739436802030,1739437005886,16847.54252316036,203.36119679307185,78.2698415860909,-22.22222222222222,324.02739618525754,3
346147,32R,1739468251577,1739468441148,16847.54252316036,190.2638798218207,110.25851270963066,-24.236548715462916,322.79707188510116,3
346147,32L,1739481776428,1739481922812,10583.773565404412,156.57346065812996,66.77263324335938,0.0,324.43513298313474,3
346187,32R,1739447336752,1739447492526,16847.54252316036,154.70098473352448,137.32891474210348,-16.07200257152041,322.9259263981532,3
346188,32R,1739454808849,1739455008835,16847.54252316036,200.40111142309365,102.9390026758067,-27.027027027027025,323.3078305140864,3
346204,32R,1739432059126,1739432259093,16847.54252316036,200.1211563654082,104.2573340741394,-30.450669914738125,321.8296652729823,3
346204,32R,1739467004873,1739467202378,16847.54252316036,197.2520494914492,98.92745886777128,0.0,321.191890219498,3
34628d,32L,1739435195213,1739435329875,10583.773565404412,137.78343610996592,130.32658099829868,-59.38242280285036,320.8220616556712,3
346291,32R,1739417656431,1739417852100,16847.54252316036,195.49555700010276,80.9408439342614,0.0,319.58255358583824,3
346291,32R,1739447118756,1739447329167,16847.54252316036,208.95870218831405,104.60044488745655,-64.1025641025641,319.58257310663686,3
346303,32L,1739450368220,1739450495575,10583.773565404412,130.43837126776504,99.18994839029932,0.0,322.7499671523841,3
346310,32R,1739416550876,1739416751914,16847.54252316036,201.5530380475864,86.9437233699033,0.0,323.1522120073753,3
346316,32L,1739447928070,1739448060670,10583.773565404412,135.18267095044573,99.33330005078389,-16.170763260025872,322.7016511525437,3
346316,32R,1739469736820,1739469918896,16847.54252316036,181.71020224005318,113.54733224592543,0.0,322.5323122157659,3
346384,32L,1739440893169,1739441018222,10583.773565404412,128.81181196603615,118.0173431229876,0.0,324.76688784761785,3
346385,32R,1739448972837,1739449173260,16847.54252316036,199.96342399318303,98.56946665603394,0.0,319.7426613463764,3
346385,32R,1739476633014,1739476832144,16847.54252316036,199.2400734216577,107.45007946388743,0.0,318.19786513310106,3
346386,32L,1739436433528,1739436575645,10583.773565404412,140.50433471977112,79.58790040586966,0.0,322.0066117228169,3
34640e,32R,1739420734296,1739420943124,16847.54252316036,207.653256678912,100.97734638344679,0.0,321.86116651165617,3
34644b,32R,1739438229709,1739438424451,16847.54252316036,193.7286425156635,92.06859003255019,-13.089005235602095,322.77362715960135,3
34644b,32L,1739453079219,1739453216895,10583.773565404412,136.76000510982357,72.83419371183464,-41.11842105263158,320.84023064948104,3
34644b,32R,1739468743521,1739468930197,16847.54252316036,187.18836566469426,109.09081396253832,-11.676786548341896,321.68018555615186,3
34644c,32L,1739441612469,1739441731117,10583.773565404412,121.34505001040277,105.56284482323981,0.0,324.0399951001528,3
34644c,32R,1739457400280,1739457581913,16847.54252316036,181.46719618936453,123.68523463862971,-48.63813229571984,324.37725738123225,3
34644e,32L,1739437941175,1739438066430,10583.773565404412,133.43301389823452,97.327803480227,0.0,320.5518027178687,3
34644e,32L,1739464981174,1739465101546,10583.773565404412,128.37227498948405,102.72413231512552,-12.827090815802975,322.17329201081486,3
34644e,32R,1739490625112,1739490828605,16847.54252316036,203.4829997414128,55.92407202272814,0.0,325.7343751841929,4
346456,32L,1739451982408,1739452113715,10583.773565404412,139.77309069175263,100.3718292242788,0.0,322.70160157001504,3
346458,32R,1739440025207,1739440221514,16847.54252316036,195.6508366337946,105.0202086959087,-55.67928730512249,328.09582271210087,3
346458,32R,1739469495491,1739469690274,16847.54252316036,194.42923318460018,107.42023696900999,-16.025641025641026,320.6957748373402,3
346499,32R,1739433589320,1739433791808,16847.54252316036,201.62384974719976,87.27798377567846,0.0,323.8729456168212,3
346499,32R,1739459127831,1739459334682,16847.54252316036,206.14217473825846,98.12905749156218,0.0,308.46949718530936,3
346499,32R,1739483450796,1739483667022,16847.54252316036,214.98203526951926,101.61899084015188,0.0,318.45610305874646,3
34654b,32R,1739449213588,1739449402755,16847.54252316036,189.24346058861207,114.261167429858,-18.615040953090098,322.7588067076766,3
34659a,32L,1739451853356,1739451981492,10583.773565404412,136.9587821933188,85.68679177059117,0.0,317.4563011852106,3
3465c5,32L,1739443092092,1739443219572,10583.773565404412,130.51378663759058,72.09417132566546,0.0,327.30828884114374,3
34660b,32R,1739452743841,1739452939937,16847.54252316036,193.8684894289091,95.1453823205158,0.0,323.1947741184885,3
347219,32L,1739446126241,1739446269198,10583.773565404412,146.10251680732205,84.00358838804364,0.0,320.82608496884785,3
347219,32L,1739469734440,1739469868241,10583.773565404412,141.7934303175387,88.53611909268272,0.0,322.211130759414,3
347247,32R,1739467967042,1739468158059,16847.54252316036,191.33140304460161,111.84142903645575,-12.135922330097086,322.6889611295241,3
347287,32L,1739453597959,1739453724858,10583.773565404412,130.3885076294006,114.85355491955849,0.0,319.7062282739283,3
347287,32L,1739480269471,1739480409858,10583.773565404412,139.21700407014825,99.72206426857466,-30.56234718826406,319.5956239651367,3
347288,32R,1739432477528,1739432692963,16847.54252316036,215.1027040537342,92.66190586304803,0.0,325.5044458236511,3
347288,32R,1739466530552,1739466735745,16847.54252316036,204.73349785878466,100.03484509474426,-18.74062968515742,320.7019363033139,3
347296,32L,1739445127559,1739445257542,10583.773565404412,135.8269196029173,87.0848782290966,-15.964240102171136,323.15510858335307,3
347297,32L,1739455350677,1739455484372,10583.773565404412,136.49065636004667,92.8700910828207,0.0,322.1286064087071,3
3472c9,32R,1739412722415,1739412917693,16847.54252316036,194.82266345779377,116.54211623464714,0.0,307.4320640196469,3
3472c9,32L,1739452736583,1739452871571,10583.773565404412,138.25359784021234,92.59028182538692,0.0,321.8037639362883,3
3472cc,32R,1739444469163,1739444673251,16847.54252316036,205.23294534644637,104.32437995861827,-24.354603019970774,317.45485555514057,3
3472cc,32R,1739459622869,1739459802253,16847.54252316036,178.9762313886397,123.77013369379034,-26.93965517241379,312.53293539552755,3
3472cc,32R,1739477597105,1739477804259,16847.54252316036,205.90744314488225,96.27487545370816,0.0,314.37928147230616,3
347301,32R,1739423599420,1739423819656,16847.54252316036,218.96519451164806,101.2263838445156,-31.017369727047143,319.58257653465415,3
347306,32L,1739439889453,1739440019939,10583.773565404412,133.37026304675672,97.39049258993283,0.0,322.41792699210805,3
347306,32L,1739452260388,1739452391852,10583.773565404412,134.62795651341546,79.38773895931348,0.0,319.75582495239047,3
347307,32R,1739473979530,1739474164581,16847.54252316036,184.9011962748407,113.77242827858396,-27.144408251900106,322.14654099387246,3
347309,32R,1739465379024,1739465567240,16847.54252316036,187.42449946570855,121.34687042114197,0.0,326.4580879796728,3
347309,32R,1739480829709,1739481029763,16847.54252316036,198.54963472118206,91.22519877382379,0.0,322.16843073163335,3
347311,32L,1739436286716,1739436413545,10583.773565404412,130.6361626608596,89.77879448412305,-18.796992481203006,324.23204142873766,3
347312,32L,1739439188714,1739439318383,10583.773565404412,132.7483916984722,98.99590399319807,-60.67961165048544,319.59554240478235,3
347344,32L,1739438757079,1739438893699,10583.773565404412,140.43785536471378,93.28750759271284,0.0,321.8172533960094,3
347344,32L,1739454604659,1739454723669,10583.773565404412,122.28248031215035,99.53106597315364,0.0,319.75570976085857,3
347344,32R,1739477810951,1739478007723,16847.54252316036,196.45481257838478,116.76857519339619,0.0,317.7492295552267,3
347349,32L,1739444938232,1739445070257,10583.773565404412,138.87417800535954,86.62640988330864,0.0,320.88592764583547,3
347386,32R,1739421728703,1739421939016,16847.54252316036,210.17331061909775,156.0258085904172,0.0,339.6513368727575,3
347388,32L,1739451721264,1739451855527,10583.773565404412,137.5136197363585,84.09534308809458,0.0,319.59565965647664,3
34740f,32L,1739478238149,1739478362617,10583.773565404412,132.53637843123752,81.52220064031214,-60.97560975609756,320.7459748593855,3
347453,32R,1739454906990,1739455102302,16847.54252316036,193.9370970474945,90.56119116361879,-40.91653027823241,325.88521379278075,3
347453,32R,1739472782443,1739472976248,16847.54252316036,193.52938653422754,102.8755940628509,0.0,321.965549202181,3
347454,32L,1739428572630,1739428707598,10583.773565404412,143.5061919681884,92.09665968412953,0.0,325.74673460081254,3
347454,32R,1739455383541,1739455588821,16847.54252316036,205.07751698662983,100.29115132026516,0.0,322.88706731102116,3
347454,32L,1739478641752,1739478774609,10583.773565404412,135.95403926391185,96.71809805248127,0.0,322.97302929686253,3
347481,32L,1739435502133,1739435635318,10583.773565404412,136.4967934883141,90.19616763016691,-26.85284640171858,322.00015361911585,3
347481,32L,1739450608588,1739450732197,10583.773565404412,129.01885022467127,97.61179486103887,0.0,317.0815238016491,3
347488,32L,1739444816794,1739444952958,10583.773565404412,139.1735653186936,102.84476660565069,0.0,320.8389658999438,3
3474da,32L,1739482786497,1739482907758,10583.773565404412,124.37341234231951,114.99699817092781,-18.825301204819276,323.2319513097845,3
347501,32L,1739438843314,1739438964489,10583.773565404412,127.9925537493072,100.99903562570447,-24.20135527589545,322.5452076991329,3
347501,32L,1739469597206,1739469721756,10583.773565404412,129.53505038824298,94.55468102097552,-24.366471734892787,323.16489642786564,3
34750a,32L,1739434734873,1739434860007,10583.773565404412,132.17322464322132,87.20845859235746,-40.19292604501608,320.7651573635656,3
34750a,32L,1739450074657,1739450199404,10583.773565404412,127.08785265727133,81.63410237421601,0.0,316.2738470527142,3
34750a,32R,1739477480693,1739477683008,16847.54252316036,201.38087031925883,106.70246938884188,-10.579771476936099,319.43020739618316,3
34750b,32L,1739435400592,1739435530331,10583.773565404412,134.72592398127827,83.25385351194117,0.0,323.39260664037806,3
34750b,32L,1739449471266,1739449602384,10583.773565404412,135.9258685414298,90.6221129026715,0.0,325.89754068167247,3
34750b,32L,1739466968497,1739467093563,10583.773565404412,127.99754688023985,94.97160809984632,0.0,322.7015077349171,3
34750b,32L,1739480690441,1739480825724,10583.773565404412,140.85219054970747,84.79165709507816,0.0,319.3239992133884,3
34750f,32L,1739435602642,1739435732203,10583.773565404412,133.02712896040796,74.25972470087672,0.0,325.74677143898714,3
34750f,32L,1739450171768,1739450297752,10583.773565404412,129.11771677421967,106.76784034592097,0.0,320.78427006666675,3
34750f,32L,1739465780842,1739465915243,10583.773565404412,133.6113539444981,87.07801353352325,-11.018069634200087,322.99981835256733,3
347518,32L,1739479890988,1739480036240,10583.773565404412,148.29886064785114,72.79272441568783,0.0,320.8389658999438,3
347519,32R,1739419514952,1739419720275,16847.54252316036,204.92259966088912,120.01990540392102,-30.978934324659228,344.1525058189511,3
34754c,32L,1739436885017,1739437010823,10583.773565404412,128.8090320607002,90.35258314119119,0.0,322.9486130456041,3
34754c,32L,1739462950518,1739463069998,10583.773565404412,126.7691246513833,105.00725059181356,-41.254125412541256,324.43503931983537,3
34754c,32R,1739479423137,1739479621292,16847.54252316036,198.2249122861443,92.16114270643092,-47.61904761904762,327.6905452803325,3
34754d,32L,1739439662422,1739439797506,10583.773565404412,139.43712197307897,94.44577003328381,0.0,322.7019949859498,3
347553,32R,1739454267364,1739454477698,16847.54252316036,210.47028255245044,80.84192065920763,-22.182786157941436,321.54584534024696,3
347553,32R,1739481923945,1739482105000,16847.54252316036,179.64038968567587,136.16292817243905,0.0,325.73439358585176,3
347588,32R,1739438334133,1739438524343,16847.54252316036,190.38728599180362,84.02053457108681,0.0,324.0273436108915,3
347588,32R,1739489384118,1739489579499,16847.54252316036,195.815295778273,98.98841889430192,-22.502250225022504,346.39917484383164,4
34758c,32R,1739428935952,1739429125902,16847.54252316036,189.3530005617674,116.4903895920182,0.0,325.8851415615469,3
34758c,32L,1739452654129,1739452786480,10583.773565404412,138.95537446912866,72.83981326336598,0.0,322.1494327572856,3
34758c,32R,1739482468189,1739482669681,16847.54252316036,200.05397630005166,106.29241703133285,-22.921760391198045,322.3558973456251,3
34758d,32R,1739475691599,1739475899040,16847.54252316036,207.24817145468396,104.55700059449964,0.0,323.2274597000917,3
3475d5,32R,1739437835293,1739438022989,16847.54252316036,187.48168654873407,106.60560676336587,-48.923679060665364,318.5118217065393,3
3475d5,32R,1739468331117,1739468519787,16847.54252316036,188.82536658027837,114.3026985913418,-48.26254826254826,314.3795187157061,3
347605,32R,1739471541489,1739471741400,16847.54252316036,198.84909863256559,92.60124058180502,0.0,323.636647172185,3
347647,32L,1739450272189,1739450396732,10583.773565404412,133.20376939575942,99.24479900203005,0.0,323.74602919453497,3
347647,32L,1739482458279,1739482592507,10583.773565404412,137.964149114758,99.7219484640096,-61.12469437652812,319.59560103067554,3
347659,32L,1739462504700,1739462628563,10583.773565404412,127.77107013315381,85.59871101556718,0.0,323.8854759530302,3
347691,32R,1739478248787,1739478444131,16847.54252316036,194.24705729533818,106.15453448488861,-27.085590465872155,320.87139544664535,3
347692,32R,1739417193217,1739417397152,16847.54252316036,203.6841755576659,72.97264994971977,0.0,325.7344727865307,3
34810b,32R,1739421551085,1739421760727,16847.54252316036,209.7797056731981,89.00962573179352,0.0,323.8730021174949,3
3481c9,32R,1739416465821,1739416665211,16847.54252316036,199.88933294513416,103.75797998147853,-12.419274714356682,323.5354827900873,3
348305,32L,1739469933762,1739470062495,10583.773565404412,133.9047508422232,83.36651549251397,-16.33986928104575,320.3291738136698,3
348306,32L,1739439413635,1739439542700,10583.773565404412,137.84071682710967,90.22690873665499,0.0,323.5481848144083,3
348306,32L,1739469853501,1739469982939,10583.773565404412,134.07845913088093,77.84334080467748,0.0,319.7557289595385,3
392af3,32R,1739455760695,1739455959643,16847.54252316036,197.3295711685531,100.00842769308909,-48.63813229571984,322.86382075444004,3
3944f8,32R,1739483047012,1739483255915,16847.54252316036,208.8200496981185,104.91463545137559,-25.614754098360656,322.6889272374194,3
3950d1,32R,1739432739505,1739432949615,16847.54252316036,210.82996731936586,69.99538065579608,0.0,327.4338845872909,3
39a208,32R,1739421042918,1739421227028,16847.54252316036,185.49985233814755,190.00359242686957,0.0,321.78022105612587,3
39bdab,32R,1739462193182,1739462401115,16847.54252316036,208.37793448777217,103.09886068813653,-49.21259842519685,313.90697784537196,3
39bdaf,32R,1739470010135,1739470208610,16847.54252316036,198.1649871531963,89.62060991826024,0.0,318.3586301050427,3
39cea7,32R,1739451649808,1739451840512,16847.54252316036,190.9405821646778,92.7544955768026,-41.254125412541256,324.8928256097997,3
39ceb1,32R,1739468590073,1739468779300,16847.54252316036,189.66906530947347,122.77810498533408,-59.95203836930456,322.68862120053285,3
39de40,32R,1739428694727,1739428905644,16847.54252316036,210.92327719169245,99.30327316848995,-16.995241332426918,324.5913086657989,3
39e682,32R,1739441363096,1739441563650,16847.54252316036,199.607897293783,102.10059536339138,0.0,311.01806163991273,3
3c5427,32R,1739424686758,1739424894634,16847.54252316036,207.7589430284689,103.1009648369457,-9.82318271119843,320.89220483948117,3
3c5427,32L,1739473202524,1739473333011,10583.773565404412,135.17824140908917,139.8827631717853,0.0,324.20785030876374,3
3c5431,32R,1739419784371,1739419990186,16847.54252316036,207.93864003916542,96.79074543892055,-11.825922421948913,321.65083071112537,3
3c6481,32R,1739472030245,1739472219218,16847.54252316036,188.3026966369123,106.670082363116,0.0,321.0085432870963,3
3c6485,32R,1739487295269,1739487493632,16847.54252316036,196.23807647012026,97.60800699025799,0.0,319.7425270947256,3
3c648d,32R,1739485987835,1739486184829,16847.54252316036,195.89587202218183,122.13016485153526,-82.50825082508251,314.3795470585429,3
3c64b0,32R,1739450739732,1739450930034,16847.54252316036,191.5963205246185,100.94040356551136,-12.531328320802004,322.83128095088904,3
3c65c4,32R,1739465086980,1739465291317,16847.54252316036,205.03545800301856,115.05207566215387,0.0,327.8083464845928,3
3c6646,32R,1739440752910,1739440939050,16847.54252316036,186.00789678717334,108.6221246472042,0.0,323.8728514494339,3
3cc24a,32R,1739458963127,1739459158089,16847.54252316036,193.5082216350479,125.7251033392262,0.0,318.94055899081354,3
3e377e,32L,1739460058670,1739460178664,10583.773565404412,128.344048018384,114.98162552439891,0.0,324.3618282150975,3
40615b,32L,1739434258696,1739434393664,10583.773565404412,134.52346359012182,89.88815804116331,0.0,323.6562546526877,3
406250,32L,1739448739487,1739448868531,10583.773565404412,137.0600809237533,82.69722425705508,0.0,322.70167663857933,3
406e69,32L,1739458503829,1739458626753,10583.773565404412,130.7898954112992,101.40898920457735,0.0,320.98074554568,3
40756e,32L,1739471024687,1739471163827,10583.773565404412,138.8072013242295,74.74718640148376,0.0,318.637117471784,3
407600,32L,1739460589784,1739460721877,10583.773565404412,136.06011933844175,107.30543238114457,0.0,323.8855702113561,3
40762c,32L,1739457217404,1739457352761,10583.773565404412,139.37063872098767,78.63978020574936,-59.95203836930456,320.90499227816184,3
407fc9,32L,1739466686930,1739466825506,10583.773565404412,142.2318009279738,87.75385601487343,0.0,320.86318613512236,3
44001f,32R,1739468882987,1739469076029,16847.54252316036,192.27631019107014,90.74381904626789,0.0,320.0118940879185,3
440095,32R,1739470320579,1739470518887,16847.54252316036,199.43316736714627,108.70720097566218,-12.820512820512821,322.4113457876594,3
440202,32R,1739422598906,1739422807209,16847.54252316036,208.77441478882105,137.5041858485886,0.0,318.19786513310106,3
4409ff,32R,1739454388908,1739454614206,16847.54252316036,223.79924396856222,95.26765527302703,-15.216068167985393,322.53254803173166,3
440c6f,32L,1739462660332,1739462789786,10583.773565404412,136.89235893365662,95.924598213417,0.0,318.2109598753616,3
452119,32L,1739449805073,1739449939436,10583.773565404412,139.9550529227118,90.09526438210064,-23.51834430856068,324.700933296671,3
45884f,32R,1739452860820,1739453085583,16847.54252316036,224.17985423301525,112.07465694945458,0.0,321.67972332752487,3
4692d7,32R,1739462377646,1739462581084,16847.54252316036,203.34351744062366,101.70544356983487,0.0,322.5323437297776,3
46b822,32R,1739443344838,1739443543898,16847.54252316036,198.7093788401826,100.44759303990628,-12.78772378516624,321.89116023406837,3
471f3d,32R,1739464156364,1739464359346,16847.54252316036,202.22020853786807,103.44662229965598,-24.342745861733206,322.2741933014588,3
471f69,32R,1739433121445,1739433329286,16847.54252316036,208.91344838030832,86.72836507969954,0.0,323.3800848509147,3
471f81,32R,1739469896574,1739470101968,16847.54252316036,205.01054743534854,107.90857414213187,-61.274509803921575,324.027454535564,3
47a3b0,32R,1739441692149,1739441876761,16847.54252316036,184.36095717047786,94.46118831934409,0.0,321.521664805545,3
484130,32R,1739486097529,1739486289283,16847.54252316036,190.8904266025534,109.21294784134875,-17.593244194229417,322.7564205434506,3
484442,32R,1739444998835,1739445173904,16847.54252316036,175.68698960562728,121.19756056641451,-26.93965517241379,323.09871139571226,3
484556,32R,1739437255293,1739437443382,16847.54252316036,188.2995949375296,117.13470354399082,-30.26634382566586,323.02965904431545,3
484557,32R,1739471701274,1739471875192,16847.54252316036,172.66979313228822,124.87409854674327,-60.97560975609756,322.6887524400699,3
485a34,32R,1739458275815,1739458460761,16847.54252316036,185.65721251858187,100.43344271654136,-24.390243902439025,323.00309996651924,3
48af12,32R,1739451845669,1739452043895,16847.54252316036,197.0960220427094,111.75748359901411,0.0,322.01788945321596,3
48c127,32R,1739433844330,1739434029602,16847.54252316036,186.35439767801213,95.98475587288189,0.0,321.521664805545,3
48c222,32R,1739435140406,1739435334946,16847.54252316036,193.72774235526907,99.6078184973835,0.0,322.68869619463203,3
49130d,32R,1739439791980,1739440004955,16847.54252316036,209.50468875369398,126.40915924924013,-47.98464491362764,321.2082238653546,3
49410a,32L,1739471526338,1739471670566,10583.773565404412,148.19402578722602,78.66783670784494,0.0,322.08819861055304,3
4951ca,32R,1739486688348,1739486904005,16847.54252316036,209.3298230983859,86.09735836253085,0.0,322.53219097067483,3
4951cb,32L,1739463775192,1739463900820,10583.773565404412,133.8935301424194,89.01609384374665,0.0,318.37221289969347,3
49520f,32L,1739435322168,1739435462857,10583.773565404412,144.3452363377974,80.96478753928716,-22.182786157941436,322.84886291848164,3
495279,32L,1739460789334,1739460907205,10583.773565404412,122.83227312352346,98.40502865383348,-16.297262059973924,322.22443294565767,3
495290,32L,1739477952133,1739478090644,10583.773565404412,142.37842777923828,85.92661354293064,0.0,323.88553250718456,3
495306,32L,1739451619067,1739451746371,10583.773565404412,129.95967669400326,71.96984236423805,0.0,327.2139957579841,3
49d05d,32R,1739458702155,1739458894902,16847.54252316036,192.4198585936689,95.81866502587954,0.0,326.13137487163084,3
49d328,32R,1739448604256,1739448806775,16847.54252316036,202.91166081585808,97.05343731229684,0.0,324.3927472277014,3
4a08e7,32R,1739440476615,1739440682351,16847.54252316036,205.6126099805353,90.94392763917106,0.0,323.3048453346821,3
4aca14,32R,1739443896533,1739444098980,16847.54252316036,201.73611073202895,100.23152995040847,0.0,319.58247549654317,3
4b1a5f,32L,1739471997973,1739472134724,10583.773565404412,136.0926538865748,92.81208038973682,0.0,318.95798682648774,3
4bb266,32R,1739448500493,1739448715167,16847.54252316036,214.63197403509366,138.01469573384105,0.0,324.027473024227,3
4bb26b,32R,1739457838076,1739458037065,16847.54252316036,199.14585575497486,108.21819429479645,-24.224806201550386,321.9939028410513,3
4bb28f,32R,1739437472900,1739437684893,16847.54252316036,211.5668251111415,100.33656248842327,-48.07692307692307,322.5321718754143,3
4bb46e,32R,1739470906416,1739471115706,16847.54252316036,207.340176888491,91.6484732757224,0.0,320.44260863478695,3
4bc849,32R,1739441934156,1739442142527,16847.54252316036,207.17217229477134,87.97542539018072,0.0,318.58244863861995,3
4ca2bf,32R,1739461172566,1739461368773,16847.54252316036,195.181473490127,107.05131346826188,0.0,318.35888114738697,3
4ca4ee,32R,1739439926000,1739440114627,16847.54252316036,185.2778807457601,121.2568202718742,0.0,322.05315362745364,3
4ca4f8,32L,1739474108315,1739474242494,10583.773565404412,137.7715159535223,73.10321641836062,0.0,322.02742324270844,3
4ca61c,32L,1739469480736,1739469605080,10583.773565404412,132.01515929958245,82.67091206262417,0.0,321.25092128374274,3
4ca61e,32L,1739478458541,1739478576126,10583.773565404412,125.80731506101957,73.53674684542085,-49.21259842519685,322.1694841378179,3
4ca75e,32L,1739471228421,1739471348784,10583.773565404412,123.1674422998089,94.59106052514439,0.0,325.74664147799933,3
4ca764,32R,1739433473321,1739433676057,16847.54252316036,200.54710613698893,81.50248716071027,0.0,318.98387431976977,3
4ca836,32L,1739439287579,1739439414972,10583.773565404412,132.04701359610732,93.25930319082089,-16.926201760324982,322.1086092138879,3
4ca849,32L,1739450712118,1739450828596,10583.773565404412,120.86846932365165,92.32298182374176,-61.42506142506143,325.7466977603597,3
4ca849,32R,1739486880784,1739487066063,16847.54252316036,184.2302780825009,121.05099682550582,-48.63813229571984,332.54928790016737,3
4ca84f,32L,1739457363984,1739457482917,10583.773565404412,121.758454534713,93.26401543403912,-24.108003857280618,321.80255251657405,3
4ca894,32L,1739442930360,1739443048541,10583.773565404412,123.63535236080598,113.47500526128407,0.0,339.72920945689003,3
4caa57,32R,1739487465991,1739487657158,16847.54252316036,190.86527883487167,119.32729542305816,0.0,321.4266136181613,3
4cac20,32R,1739445589389,1739445780143,16847.54252316036,190.12291440858064,101.46986538942642,-22.583559168925024,323.9748981004592,3
4cac20,32R,1739476826899,1739477008770,16847.54252316036,181.75171626992338,105.99001552755206,-41.18616144975289,323.44114891519814,3
4cac64,32R,1739456719860,1739456905456,16847.54252316036,185.62340711428337,109.24313961539718,-24.31906614785992,325.3629162005087,3
4cac7f,32R,1739443453010,1739443640078,16847.54252316036,184.9645330949392,96.011884677563,0.0,324.5020848934846,3
4cac7f,32R,1739464544195,1739464725358,16847.54252316036,180.4637125898522,101.01024353076899,0.0,322.03638428842476,3
4cac7f,32R,1739489184597,1739489376639,16847.54252316036,191.88648812768557,69.66353467564933,0.0,326.97418912851447,4
4cac84,32L,1739430012617,1739430129871,10583.773565404412,124.87637516717459,88.78264324500061,-16.501650165016503,322.87037804420214,3
4cac89,32L,1739433922884,1739434032984,10583.773565404412,116.59236167181729,88.43838547783817,0.0,318.3719809222971,3
4cacdf,32R,1739406735904,1739406933290,16847.54252316036,197.39018582096722,86.56936343842665,-49.30966469428008,324.4661624267876,3
4cada6,32R,1739461768225,1739461968789,16847.54252316036,200.46287388882058,102.21059306581506,0.0,321.6735124566866,3
4cada6,32R,1739490208255,1739490429515,16847.54252316036,220.62267850926793,108.5847825618545,-17.73049645390071,322.7701754446844,4
4cadb9,32R,1739464415443,1739464599814,16847.54252316036,184.115782092847,113.57119380571689,-45.45454545454545,324.5759625784684,3
4cadb9,32R,1739483592068,1739483774957,16847.54252316036,183.0871012973376,101.86731073926565,0.0,317.9106106932743,3
4cadba,32L,1739435096933,1739435221459,10583.773565404412,127.49847802482196,77.71673422320391,0.0,323.32041392377664,3
4cadba,32R,1739464841160,1739465023382,16847.54252316036,181.8099227888513,107.33830010846582,-24.248302618816684,325.8855604156416,3
4cadbe,32L,1739446650779,1739446775133,10583.773565404412,128.17042591527058,78.5571943740047,0.0,324.82978537805786,3
4cadbe,32R,1739481210630,1739481397537,16847.54252316036,186.71153212903945,122.82714773690418,-48.355899419729205,324.0688659194581,3
4cade8,32R,1739439229538,1739439429143,16847.54252316036,199.35095782239483,98.32714188026324,-61.42506142506143,319.7427572417474,3
4cae5a,32R,1739425525540,1739425723419,16847.54252316036,196.1168207704854,110.96744999781255,0.0,325.7343751842245,3
4cae63,32L,1739446485418,1739446601998,10583.773565404412,124.03466421666519,97.43729295486781,0.0,321.86984172441214,3
4cae6d,32L,1739434866348,1739434980371,10583.773565404412,121.2494036532834,77.35836217296873,0.0,321.83830386583264,3
4cae8d,32R,1739446810094,1739446982541,16847.54252316036,172.8668782473616,107.67700617399389,-24.271844660194173,322.1438218093192,3
4cae8d,32L,1739472361919,1739472479047,10583.773565404412,121.97381922900568,87.26395084692301,0.0,323.8855702113561,3
4cae8d,32R,1739486215973,1739486407433,16847.54252316036,190.71642959856214,89.42921966801586,0.0,318.664604784819,3
4cae94,32R,1739480607762,1739480796205,16847.54252316036,187.0846744939872,100.45309672006108,-20.458265139116204,319.44165668718927,3
4d00f1,32R,1739474319561,1739474522487,16847.54252316036,202.78118281226998,89.36744379560923,0.0,317.9634852139702,3
4d200f,32R,1739472911570,1739473118102,16847.54252316036,205.70383437615354,95.86613637495363,0.0,317.8180187460556,3
4d2124,32R,1739476154833,1739476363796,16847.54252316036,206.73203398561964,100.61627961885264,0.0,315.55499117801605,3
4d21fd,32R,1739466396076,1739466571811,16847.54252316036,175.88292034003018,112.56710371142123,-26.968716289104638,322.53252226202466,3
4d2210,32R,1739467169631,1739467354935,16847.54252316036,184.41106402458828,116.71445772185638,-59.38242280285036,327.4338307633272,3
4d2242,32R,1739468489884,1739468672005,16847.54252316036,181.77085669630733,114.54821523559981,0.0,320.8918572626162,3
4d2247,32R,1739445881529,1739446065106,16847.54252316036,183.18634421222288,118.10880059562442,-29.171528588098017,324.90954437956026,3
4d224c,32L,1739445364486,1739445478040,10583.773565404412,121.01368569429596,92.24366507131201,-20.352781546811396,322.52856657566696,3
4d224e,32R,1739430674158,1739430864899,16847.54252316036,190.69110968113142,108.70797329047566,0.0,324.02739907405675,3
4d224e,32R,1739458109088,1739458293210,16847.54252316036,184.71612796813469,103.80413783067388,0.0,324.25523944899885,3
4d225e,32R,1739432324008,1739432523923,16847.54252316036,199.02298607750507,88.45305051373627,-30.48780487804878,320.31606708674974,3
4d2260,32L,1739476953168,1739477077910,10583.773565404412,127.49091884878547,85.07672520264182,0.0,319.95014307535257,3
4d2270,32L,1739442152058,1739442268236,10583.773565404412,120.60566408597867,110.74983087085691,-61.72839506172839,323.88555135937054,3
4d2280,32L,1739461641194,1739461758697,10583.773565404412,120.42070358566129,89.17239324878703,0.0,323.8854948038813,3
4d2280,32L,1739483228273,1739483351079,10583.773565404412,126.27452624775391,93.45293823232144,-15.328019619865113,321.3617339613337,3
4d22b0,32R,1739444328542,1739444521103,16847.54252316036,192.08102455295702,105.64390139660111,-18.532246108228318,321.9041021689129,3
4d23b6,32L,1739438391769,1739438527853,10583.773565404412,140.12650567843477,95.33423986578426,0.0,320.8241570651403,3
4d241a,32R,1739434217351,1739434436206,16847.54252316036,218.06061830367136,92.59198859988706,-24.390243902439025,325.3531632945061,3
4d2448,32R,1739437350888,1739437557643,16847.54252316036,205.56525777308642,95.93884773275734,-17.40947075208914,322.09568161812564,3
4d2465,32L,1739460892522,1739461026225,10583.773565404412,136.85540518776534,83.10013635315453,-40.58441558441559,322.70152650212253,3
4d24ab,32R,1739431241906,1739431442996,16847.54252316036,200.12886067936233,104.733818273028,0.0,324.2410015551381,3
4d24b0,32R,1739478357737,1739478581031,16847.54252316036,222.84113248192838,104.4447742527579,-26.910656620021527,323.1522120073753,3
4d24e5,32L,1739431758783,1739431886803,10583.773565404412,130.8273288409936,87.97271679399634,0.0,318.95798682648774,3
4d2500,32L,1739435014374,1739435135483,10583.773565404412,123.1669852035328,70.27405697026116,0.0,326.0035476640406,3
503d1a,32R,1739472555267,1739472765644,16847.54252316036,209.4927858519004,108.63552163213082,0.0,317.56929290661435,3
71002a,32R,1739444678424,1739444867569,16847.54252316036,188.74544443285504,108.89592558697909,-21.404109589041095,322.1221073582269,3
71c081,32R,1739467667560,1739467860260,16847.54252316036,192.89295091330445,104.21654636451055,-27.262813522355508,323.28754454073186,3
738053,32R,1739439656353,1739439845764,16847.54252316036,188.1316726667127,99.22144475453713,0.0,322.68892117856035,3
738056,32R,1739479644062,1739479843380,16847.54252316036,198.31971652832524,108.7348850961735,0.0,318.78408475591334,3
780c5b,32R,1739455030272,1739455240571,16847.54252316036,209.4331606277568,95.82809756108108,-20.314192849404115,322.1927401411766,3
780fda,32R,1739474591140,1739474780599,16847.54252316036,189.64720230566957,99.4980996416656,0.0,319.582495018832,3
78100a,32R,1739428147182,1739428347013,16847.54252316036,199.737935167664,120.6928910638948,0.0,319.5825340628556,3
7811a4,32L,1739446342509,1739446469624,10583.773565404412,132.14923635715493,82.61794163192988,0.0,324.4082570433973,3
7815a1,32R,1739425870689,1739426084975,16847.54252316036,213.46477641309914,111.3172223450256,0.0,323.8730209512345,3
7815f9,32R,1739428463468,1739428669057,16847.54252316036,206.10375276206196,88.3831911975988,0.0,323.92945955503956,3
89621a,32R,1739470566567,1739470773652,16847.54252316036,208.04856979019118,100.26722568105936,-11.649580615097857,321.3198429267503,3
89645b,32R,1739444800571,1739445016454,16847.54252316036,217.42851400239363,102.2875815259403,-21.526980482204362,322.70343687978317,3
896538,32R,1739469173704,1739469369348,16847.54252316036,196.01951448129347,98.08622739101784,0.0,319.7426997050925,3
a48fbe,32R,1739421207275,1739421403311,16847.54252316036,196.66574320437746,96.54658279923513,0.0,323.15211711086704,3
a92dfc,32L,1739433806479,1739433927498,10583.773565404412,124.3538041049242,91.8714442509624,0.0,325.74677143898714,3
aa3417,32R,1739420366591,1739420578628,16847.54252316036,211.41126312134674,93.30487282176027,0.0,319.55528444344594,3
aa7f5e,32R,1739422312569,1739422520662,16847.54252316036,208.36171545984706,118.81977352817599,0.0,320.5586702523496,3
aa9093,32L,1739436572985,1739436696184,10583.773565404412,127.52830756762424,100.00555356327256,0.0,321.265275365981,3
aaa32d,32L,1739480861306,1739480991701,10583.773565404412,135.65700283828295,83.6559942704892,0.0,321.84260357979866,3
aaa6e4,32L,1739449347425,1739449471374,10583.773565404412,131.78530069928837,100.71913213515846,0.0,320.98074554568,3
aabf87,32L,1739431904374,1739432017153,10583.773565404412,119.51151081787262,123.56218978264822,0.0,324.4348707289093,3
aac6f5,32R,1739422771642,1739422972485,16847.54252316036,200.84994298712166,92.7923414277892,0.0,325.73450959169674,3
aacaac,32L,1739449940463,1739450066028,10583.773565404412,128.65371980689292,68.77383491225083,0.0,320.74601365790693,3
ab80f4,32L,1739427161221,1739427281288,10583.773565404412,124.32487690312709,89.28308762893995,0.0,322.84886291848164,3
e06589,32L,1739455962112,1739456095572,10583.773565404412,136.6532564821078,71.61783338738579,0.0,325.89757683005064,3
e80445,32L,1739459566471,1739459688742,10583.773565404412,125.46612365000081,92.8590698031988,0.0,321.8740369210693,3
e80448,32L,1739450985664,1739451107841,10583.773565404412,129.23613478118224,80.93007447226738,0.0,320.74593605949667,3
e80473,32L,1739449686360,1739449807614,10583.773565404412,125.54326138192336,85.09962244495061,0.0,322.5449908065948,3
